{"stats":{"minecraft:mined":{"minecraft:brewing_stand":1,"minecraft:obsidian":17,"minecraft:granite":7,"minecraft:grass_block":129,"minecraft:soul_soil":69,"minecraft:chiseled_tuff_bricks":4,"minecraft:crimson_fungus":1,"minecraft:tuff_bricks":22,"minecraft:spawner":1,"minecraft:weeping_vines_plant":6,"minecraft:magma_block":1,"minecraft:iron_ore":51,"minecraft:cobbled_deepslate":3,"minecraft:fire":6,"minecraft:polished_tuff":3,"minecraft:pumpkin":24,"minecraft:deepslate_lapis_ore":39,"minecraft:oak_sign":1,"minecraft:dirt_path":1,"minecraft:crimson_nylium":48,"minecraft:soul_fire":19,"minecraft:clay":1,"minecraft:torch":9,"minecraft:chest":1,"minecraft:nether_quartz_ore":265,"minecraft:cobblestone":10,"minecraft:sugar_cane":68,"minecraft:oak_planks":8,"minecraft:wall_torch":14,"minecraft:nether_wart_block":1,"minecraft:birch_log":51,"minecraft:wheat":16,"minecraft:waxed_copper_block":1,"minecraft:birch_door":1,"minecraft:black_bed":1,"minecraft:oak_log":111,"minecraft:sand":92,"minecraft:dirt":108,"minecraft:crimson_planks":2,"minecraft:netherrack":350,"minecraft:oak_leaves":42,"minecraft:deepslate":147,"minecraft:nether_gold_ore":28,"minecraft:tuff":6,"minecraft:deepslate_diamond_ore":40,"minecraft:crimson_roots":10,"minecraft:sandstone":2,"minecraft:crimson_stem":80,"minecraft:hay_block":17,"minecraft:furnace":7,"minecraft:waxed_copper_grate":36,"minecraft:andesite":14,"minecraft:gold_block":1,"minecraft:potatoes":348,"minecraft:shroomlight":7,"minecraft:deepslate_iron_ore":93,"minecraft:rail":1,"minecraft:stripped_oak_log":4,"minecraft:stone":158,"minecraft:bone_block":71,"minecraft:soul_sand":28,"minecraft:oak_fence":9,"minecraft:crafting_table":13,"minecraft:short_grass":6,"minecraft:crimson_slab":20,"minecraft:tall_grass":4,"minecraft:lapis_ore":4,"minecraft:deepslate_gold_ore":23,"minecraft:diorite":6,"minecraft:big_dripleaf":1,"minecraft:birch_planks":26,"minecraft:birch_leaves":7,"minecraft:coal_ore":199,"minecraft:gravel":9,"minecraft:dripstone_block":7},"minecraft:custom":{"minecraft:interact_with_crafting_table":96,"minecraft:leave_game":20,"minecraft:time_since_death":508725,"minecraft:sprint_one_cm":1362605,"minecraft:drop":54,"minecraft:talked_to_villager":2,"minecraft:play_time":573207,"minecraft:deaths":6,"minecraft:jump":8876,"minecraft:walk_on_water_one_cm":125644,"minecraft:enchant_item":3,"minecraft:interact_with_furnace":118,"minecraft:sleep_in_bed":7,"minecraft:damage_dealt":30808,"minecraft:crouch_one_cm":52778,"minecraft:interact_with_smoker":1,"minecraft:inspect_dispenser":38,"minecraft:mob_kills":210,"minecraft:climb_one_cm":5315,"minecraft:walk_one_cm":1065703,"minecraft:sneak_time":23339,"minecraft:walk_under_water_one_cm":115128,"minecraft:boat_one_cm":976447,"minecraft:total_world_time":573207,"minecraft:time_since_rest":76256,"minecraft:damage_taken":8359,"minecraft:swim_one_cm":345110,"minecraft:fly_one_cm":1373775,"minecraft:open_chest":235,"minecraft:fish_caught":2,"minecraft:fall_one_cm":259825},"minecraft:broken":{"minecraft:golden_boots":1,"minecraft:wooden_shovel":1,"minecraft:golden_shovel":1,"minecraft:stone_pickaxe":1,"minecraft:golden_sword":1,"minecraft:stone_axe":3,"minecraft:stone_sword":1,"minecraft:iron_pickaxe":2},"minecraft:used":{"minecraft:tuff_bricks":22,"minecraft:iron_shovel":273,"minecraft:ladder":6,"minecraft:oak_sign":3,"minecraft:chest":18,"minecraft:iron_sword":166,"minecraft:rotten_flesh":32,"minecraft:waxed_copper_grate":28,"minecraft:obsidian":10,"minecraft:lava_bucket":5,"minecraft:golden_sword":13,"minecraft:bow":15,"minecraft:furnace":20,"minecraft:cooked_cod":8,"minecraft:egg":19,"minecraft:potato":277,"minecraft:diorite":48,"minecraft:stone_pickaxe":256,"minecraft:oak_planks":110,"minecraft:wooden_pickaxe":14,"minecraft:diamond_axe":246,"minecraft:sugar_cane":49,"minecraft:sand":10,"minecraft:mushroom_stew":6,"minecraft:dripstone_block":5,"minecraft:black_bed":2,"minecraft:polished_tuff":3,"minecraft:bread":8,"minecraft:oak_pressure_plate":1,"minecraft:gravel":2,"minecraft:andesite":14,"minecraft:oak_boat":10,"minecraft:oak_fence":3,"minecraft:enchanting_table":1,"minecraft:stone_sword":198,"minecraft:flint_and_steel":1,"minecraft:wooden_shovel":61,"minecraft:cooked_salmon":8,"minecraft:cooked_chicken":1,"minecraft:netherrack":354,"minecraft:oak_door":4,"minecraft:torch":396,"minecraft:dirt":204,"minecraft:golden_shovel":32,"minecraft:granite":2,"minecraft:birch_door":4,"minecraft:bookshelf":7,"minecraft:crimson_slab":162,"minecraft:crimson_planks":23,"minecraft:cooked_beef":24,"minecraft:cobbled_deepslate":115,"minecraft:pumpkin":6,"minecraft:golden_axe":7,"minecraft:crimson_stem":3,"minecraft:wheat_seeds":5,"minecraft:cooked_mutton":4,"minecraft:water_bucket":47,"minecraft:birch_planks":104,"minecraft:baked_potato":76,"minecraft:birch_boat":3,"minecraft:tnt":1,"minecraft:crafting_table":29,"minecraft:white_bed":2,"minecraft:diamond_pickaxe":809,"minecraft:wind_charge":4,"minecraft:iron_pickaxe":621,"minecraft:stone_axe":302,"minecraft:fishing_rod":6,"minecraft:crimson_fungus":1,"minecraft:cobblestone":178,"minecraft:cooked_porkchop":5,"minecraft:bucket":52,"minecraft:splash_potion":1},"minecraft:dropped":{"minecraft:lapis_lazuli":128,"minecraft:oak_pressure_plate":1,"minecraft:diamond":10,"minecraft:saddle":1,"minecraft:emerald":13,"minecraft:dirt":40,"minecraft:bone_meal":1,"minecraft:gold_ingot":7,"minecraft:bone":5,"minecraft:stone_axe":1,"minecraft:cobbled_deepslate":42,"minecraft:birch_sapling":1,"minecraft:rotten_flesh":12,"minecraft:gunpowder":3,"minecraft:charcoal":56,"minecraft:enchanted_book":1,"minecraft:iron_ingot":26,"minecraft:bread":1,"minecraft:poisonous_potato":3,"minecraft:cobblestone":82,"minecraft:tropical_fish":18,"minecraft:coal":6,"minecraft:mushroom_stew":3,"minecraft:stick":4,"minecraft:cooked_salmon":4,"minecraft:iron_shovel":1,"minecraft:redstone":64,"minecraft:kelp":1,"minecraft:raw_copper":20,"minecraft:iron_hoe":1,"minecraft:filled_map":2,"minecraft:big_dripleaf":1,"minecraft:spider_eye":5,"minecraft:nautilus_shell":2},"minecraft:picked_up":{"minecraft:birch_door":1,"minecraft:iron_chestplate":1,"minecraft:wheat":14,"minecraft:lead":2,"minecraft:enchanted_book":2,"minecraft:crimson_planks":2,"minecraft:brewing_stand":1,"minecraft:golden_sword":2,"minecraft:string":12,"minecraft:soul_soil":73,"minecraft:raw_copper":158,"minecraft:cooked_salmon":4,"minecraft:iron_leggings":1,"minecraft:pufferfish":4,"minecraft:shroomlight":6,"minecraft:oak_sign":2,"minecraft:gold_nugget":129,"minecraft:cobbled_deepslate":271,"minecraft:bucket":1,"minecraft:iron_pickaxe":1,"minecraft:furnace":9,"minecraft:stick":28,"minecraft:big_dripleaf":1,"minecraft:oak_fence":9,"minecraft:torch":36,"minecraft:porkchop":44,"minecraft:pointed_dripstone":2,"minecraft:waxed_copper_grate":44,"minecraft:diorite":6,"minecraft:rotten_flesh":61,"minecraft:tropical_fish":18,"minecraft:obsidian":16,"minecraft:cod":1,"minecraft:cobblestone":342,"minecraft:nautilus_shell":4,"minecraft:birch_log":53,"minecraft:magma_block":1,"minecraft:feather":7,"minecraft:andesite":38,"minecraft:black_bed":2,"minecraft:potato":1096,"minecraft:flint":7,"minecraft:tuff":3,"minecraft:lapis_lazuli":661,"minecraft:dirt":395,"minecraft:bone":31,"minecraft:bow":1,"minecraft:wheat_seeds":41,"minecraft:raw_gold":23,"minecraft:oak_planks":27,"minecraft:oak_pressure_plate":1,"minecraft:poisonous_potato":9,"minecraft:sand":42,"minecraft:iron_hoe":2,"minecraft:diamond":69,"minecraft:breeze_rod":1,"minecraft:granite":2,"minecraft:bone_meal":1,"minecraft:emerald":13,"minecraft:oak_sapling":26,"minecraft:netherrack":354,"minecraft:crimson_roots":15,"minecraft:fishing_rod":1,"minecraft:charcoal":112,"minecraft:crafting_table":12,"minecraft:chicken":5,"minecraft:clay_ball":8,"minecraft:wooden_pickaxe":1,"minecraft:gold_block":1,"minecraft:beef":60,"minecraft:oak_boat":5,"minecraft:birch_sapling":12,"minecraft:chest":4,"minecraft:sugar_cane":129,"minecraft:egg":31,"minecraft:raw_iron":241,"minecraft:sandstone":1,"minecraft:carrot":1,"minecraft:redstone":134,"minecraft:weeping_vines":6,"minecraft:arrow":27,"minecraft:hay_block":17,"minecraft:saddle":2,"minecraft:gold_ingot":8,"minecraft:tuff_bricks":22,"minecraft:bone_block":71,"minecraft:mutton":11,"minecraft:crimson_slab":23,"minecraft:white_wool":7,"minecraft:rail":1,"minecraft:stripped_oak_log":4,"minecraft:crimson_stem":76,"minecraft:salmon":1,"minecraft:leather":32,"minecraft:filled_map":1,"minecraft:birch_planks":29,"minecraft:mushroom_stew":5,"minecraft:crimson_fungus":1,"minecraft:oak_log":110,"minecraft:waxed_copper_block":1,"minecraft:nether_wart_block":1,"minecraft:gunpowder":9,"minecraft:apple":2,"minecraft:kelp":35,"minecraft:iron_ingot":42,"minecraft:stone_pickaxe":1,"minecraft:soul_sand":34,"minecraft:iron_sword":1,"minecraft:birch_boat":2,"minecraft:pumpkin":23,"minecraft:quartz":241,"minecraft:dripstone_block":7,"minecraft:gravel":36,"minecraft:white_bed":1,"minecraft:polished_tuff":3,"minecraft:spider_eye":9,"minecraft:slime_ball":10,"minecraft:stone_axe":2,"minecraft:black_wool":1,"minecraft:chiseled_tuff_bricks":4,"minecraft:coal":220},"minecraft:crafted":{"minecraft:oak_planks":456,"minecraft:oak_sign":3,"minecraft:oak_pressure_plate":1,"minecraft:birch_boat":2,"minecraft:cooked_chicken":1,"minecraft:stone":145,"minecraft:bookshelf":7,"minecraft:cooked_mutton":4,"minecraft:diamond_helmet":1,"minecraft:diamond_leggings":1,"minecraft:bow":1,"minecraft:chest":14,"minecraft:birch_door":3,"minecraft:stone_bricks":144,"minecraft:oak_fence":3,"minecraft:golden_boots":1,"minecraft:wooden_shovel":1,"minecraft:cooked_porkchop":5,"minecraft:diamond_axe":1,"minecraft:crafting_table":18,"minecraft:baked_potato":243,"minecraft:wooden_pickaxe":1,"minecraft:birch_planks":212,"minecraft:book":24,"minecraft:paper":72,"minecraft:diamond_pickaxe":2,"minecraft:stick":168,"minecraft:iron_ingot":50,"minecraft:iron_pickaxe":5,"minecraft:stone_sword":2,"minecraft:gold_ingot":16,"minecraft:oak_door":9,"minecraft:fishing_rod":1,"minecraft:wind_charge":4,"minecraft:furnace":15,"minecraft:bone_meal":63,"minecraft:flint_and_steel":1,"minecraft:ladder":6,"minecraft:stone_pickaxe":2,"minecraft:diamond_boots":1,"minecraft:wheat":18,"minecraft:cooked_beef":24,"minecraft:cooked_cod":1,"minecraft:crimson_planks":292,"minecraft:enchanting_table":1,"minecraft:crimson_slab":450,"minecraft:iron_sword":1,"minecraft:bowl":4,"minecraft:bucket":5,"minecraft:stone_axe":4,"minecraft:bread":6,"minecraft:air":0,"minecraft:oak_boat":5,"minecraft:golden_apple":1,"minecraft:iron_shovel":2,"minecraft:white_bed":1,"minecraft:torch":432,"minecraft:diamond_chestplate":1},"minecraft:killed_by":{"minecraft:zombie":2,"minecraft:enderman":1,"minecraft:skeleton":3},"minecraft:killed":{"minecraft:zombified_piglin":31,"minecraft:witch":1,"minecraft:spider":12,"minecraft:skeleton":24,"minecraft:chicken":5,"minecraft:wolf":1,"minecraft:piglin":5,"minecraft:pig":8,"minecraft:zombie_villager":1,"minecraft:creeper":4,"minecraft:sheep":8,"minecraft:zombie":53,"minecraft:cow":30,"minecraft:slime":10,"minecraft:wandering_trader":1,"minecraft:hoglin":8,"minecraft:breeze":1}},"DataVersion":3953}