{"stats":{"minecraft:killed_by":{"minecraft:enderman":1,"minecraft:skeleton":3,"minecraft:zombie":2},"minecraft:picked_up":{"minecraft:fishing_rod":1,"minecraft:crafting_table":9,"minecraft:chicken":1,"minecraft:clay_ball":4,"minecraft:wooden_pickaxe":1,"minecraft:string":6,"minecraft:cobbled_deepslate":105,"minecraft:beef":24,"minecraft:sugar_cane":3,"minecraft:chest":1,"minecraft:birch_sapling":2,"minecraft:egg":9,"minecraft:furnace":7,"minecraft:stick":5,"minecraft:raw_iron":126,"minecraft:big_dripleaf":1,"minecraft:oak_fence":6,"minecraft:torch":24,"minecraft:porkchop":8,"minecraft:pointed_dripstone":1,"minecraft:carrot":1,"minecraft:redstone":8,"minecraft:arrow":17,"minecraft:rotten_flesh":39,"minecraft:tropical_fish":18,"minecraft:tuff_bricks":9,"minecraft:obsidian":3,"minecraft:mutton":9,"minecraft:cod":1,"minecraft:rail":1,"minecraft:white_wool":6,"minecraft:cobblestone":147,"minecraft:birch_log":45,"minecraft:feather":2,"minecraft:andesite":14,"minecraft:salmon":1,"minecraft:leather":8,"minecraft:potato":79,"minecraft:birch_planks":25,"minecraft:oak_log":39,"minecraft:waxed_copper_block":1,"minecraft:gunpowder":4,"minecraft:lapis_lazuli":278,"minecraft:dirt":26,"minecraft:bone":15,"minecraft:raw_gold":23,"minecraft:stone_pickaxe":1,"minecraft:oak_planks":24,"minecraft:pumpkin":19,"minecraft:gravel":1,"minecraft:poisonous_potato":2,"minecraft:dripstone_block":6,"minecraft:sand":8,"minecraft:spider_eye":2,"minecraft:diamond":37,"minecraft:stone_axe":2,"minecraft:granite":2,"minecraft:bone_meal":1,"minecraft:chiseled_tuff_bricks":2,"minecraft:black_wool":1,"minecraft:coal":150},"minecraft:killed":{"minecraft:witch":1,"minecraft:spider":3,"minecraft:skeleton":15,"minecraft:chicken":1,"minecraft:wolf":1,"minecraft:pig":3,"minecraft:zombie_villager":1,"minecraft:creeper":3,"minecraft:sheep":7,"minecraft:zombie":48,"minecraft:cow":13},"minecraft:crafted":{"minecraft:oak_door":6,"minecraft:oak_planks":156,"minecraft:fishing_rod":1,"minecraft:cooked_chicken":1,"minecraft:furnace":8,"minecraft:cooked_mutton":4,"minecraft:diamond_helmet":1,"minecraft:bow":1,"minecraft:diamond_leggings":1,"minecraft:ladder":6,"minecraft:stone_pickaxe":2,"minecraft:chest":3,"minecraft:diamond_boots":1,"minecraft:cooked_beef":22,"minecraft:cooked_cod":1,"minecraft:cooked_porkchop":5,"minecraft:crafting_table":7,"minecraft:wooden_pickaxe":1,"minecraft:iron_sword":1,"minecraft:bucket":1,"minecraft:birch_planks":180,"minecraft:stone_axe":4,"minecraft:air":0,"minecraft:oak_boat":3,"minecraft:book":1,"minecraft:paper":3,"minecraft:diamond_pickaxe":1,"minecraft:stick":144,"minecraft:iron_ingot":43,"minecraft:iron_pickaxe":5,"minecraft:stone_sword":2,"minecraft:white_bed":1,"minecraft:torch":372,"minecraft:diamond_chestplate":1},"minecraft:mined":{"minecraft:deepslate_diamond_ore":37,"minecraft:obsidian":3,"minecraft:granite":2,"minecraft:grass_block":11,"minecraft:chiseled_tuff_bricks":2,"minecraft:tuff_bricks":9,"minecraft:spawner":1,"minecraft:furnace":7,"minecraft:iron_ore":43,"minecraft:andesite":14,"minecraft:pumpkin":19,"minecraft:deepslate_lapis_ore":39,"minecraft:potatoes":30,"minecraft:deepslate_iron_ore":77,"minecraft:rail":1,"minecraft:stone":77,"minecraft:oak_fence":6,"minecraft:clay":1,"minecraft:crafting_table":11,"minecraft:torch":7,"minecraft:short_grass":2,"minecraft:chest":1,"minecraft:tall_grass":1,"minecraft:cobblestone":6,"minecraft:lapis_ore":4,"minecraft:deepslate_gold_ore":23,"minecraft:oak_planks":5,"minecraft:wall_torch":11,"minecraft:big_dripleaf":1,"minecraft:birch_planks":26,"minecraft:birch_log":43,"minecraft:birch_leaves":7,"minecraft:waxed_copper_block":1,"minecraft:oak_log":39,"minecraft:coal_ore":149,"minecraft:dripstone_block":7,"minecraft:gravel":1,"minecraft:sand":8,"minecraft:dirt":15,"minecraft:oak_leaves":5,"minecraft:deepslate":101},"minecraft:custom":{"minecraft:mob_kills":103,"minecraft:interact_with_crafting_table":56,"minecraft:leave_game":10,"minecraft:time_since_death":179935,"minecraft:climb_one_cm":1334,"minecraft:sprint_one_cm":607763,"minecraft:walk_one_cm":474277,"minecraft:drop":18,"minecraft:play_time":244417,"minecraft:deaths":6,"minecraft:sneak_time":9889,"minecraft:walk_under_water_one_cm":47325,"minecraft:boat_one_cm":199944,"minecraft:jump":4035,"minecraft:walk_on_water_one_cm":65726,"minecraft:total_world_time":244417,"minecraft:interact_with_furnace":57,"minecraft:sleep_in_bed":3,"minecraft:time_since_rest":54882,"minecraft:damage_taken":4833,"minecraft:damage_dealt":15171,"minecraft:fly_one_cm":574545,"minecraft:swim_one_cm":82553,"minecraft:open_chest":42,"minecraft:crouch_one_cm":17023,"minecraft:fish_caught":2,"minecraft:fall_one_cm":117712,"minecraft:inspect_dispenser":13},"minecraft:used":{"minecraft:stone_sword":198,"minecraft:ladder":6,"minecraft:chest":4,"minecraft:iron_sword":14,"minecraft:cooked_salmon":7,"minecraft:cooked_chicken":1,"minecraft:rotten_flesh":27,"minecraft:oak_door":1,"minecraft:torch":370,"minecraft:dirt":17,"minecraft:granite":1,"minecraft:bow":7,"minecraft:furnace":12,"minecraft:cooked_cod":5,"minecraft:egg":8,"minecraft:cooked_beef":22,"minecraft:potato":64,"minecraft:cobbled_deepslate":58,"minecraft:pumpkin":6,"minecraft:cooked_mutton":4,"minecraft:water_bucket":38,"minecraft:diorite":42,"minecraft:birch_planks":104,"minecraft:stone_pickaxe":256,"minecraft:oak_planks":28,"minecraft:wooden_pickaxe":14,"minecraft:sand":8,"minecraft:crafting_table":15,"minecraft:white_bed":1,"minecraft:dripstone_block":5,"minecraft:diamond_pickaxe":5,"minecraft:iron_pickaxe":341,"minecraft:gravel":1,"minecraft:stone_axe":225,"minecraft:fishing_rod":6,"minecraft:cobblestone":100,"minecraft:cooked_porkchop":5,"minecraft:andesite":10,"minecraft:bucket":39,"minecraft:oak_boat":3},"minecraft:broken":{"minecraft:stone_sword":1,"minecraft:stone_pickaxe":1,"minecraft:stone_axe":2,"minecraft:iron_pickaxe":1},"minecraft:dropped":{"minecraft:diamond":7,"minecraft:poisonous_potato":2,"minecraft:tropical_fish":18,"minecraft:bone_meal":1,"minecraft:stone_axe":1,"minecraft:birch_sapling":1,"minecraft:rotten_flesh":12,"minecraft:big_dripleaf":1,"minecraft:gunpowder":3,"minecraft:spider_eye":1}},"DataVersion":3953}