{"stats":{"minecraft:used":{"minecraft:tuff_bricks":22,"minecraft:iron_shovel":273,"minecraft:ladder":6,"minecraft:chest":16,"minecraft:iron_sword":166,"minecraft:rotten_flesh":32,"minecraft:waxed_copper_grate":28,"minecraft:obsidian":10,"minecraft:lava_bucket":5,"minecraft:golden_sword":13,"minecraft:bow":7,"minecraft:furnace":16,"minecraft:cooked_cod":8,"minecraft:egg":16,"minecraft:potato":277,"minecraft:diorite":48,"minecraft:stone_pickaxe":256,"minecraft:oak_planks":110,"minecraft:wooden_pickaxe":14,"minecraft:diamond_axe":152,"minecraft:sugar_cane":2,"minecraft:sand":10,"minecraft:mushroom_stew":6,"minecraft:dripstone_block":5,"minecraft:black_bed":2,"minecraft:polished_tuff":3,"minecraft:bread":8,"minecraft:oak_pressure_plate":1,"minecraft:gravel":2,"minecraft:andesite":14,"minecraft:oak_boat":10,"minecraft:enchanting_table":1,"minecraft:stone_sword":198,"minecraft:flint_and_steel":1,"minecraft:cooked_salmon":8,"minecraft:cooked_chicken":1,"minecraft:netherrack":119,"minecraft:oak_door":4,"minecraft:torch":396,"minecraft:dirt":204,"minecraft:granite":2,"minecraft:birch_door":4,"minecraft:bookshelf":7,"minecraft:cooked_beef":24,"minecraft:cobbled_deepslate":115,"minecraft:pumpkin":6,"minecraft:golden_axe":7,"minecraft:crimson_stem":2,"minecraft:wheat_seeds":5,"minecraft:cooked_mutton":4,"minecraft:water_bucket":47,"minecraft:birch_planks":104,"minecraft:baked_potato":44,"minecraft:birch_boat":3,"minecraft:tnt":1,"minecraft:crafting_table":26,"minecraft:white_bed":2,"minecraft:diamond_pickaxe":306,"minecraft:wind_charge":4,"minecraft:iron_pickaxe":621,"minecraft:stone_axe":302,"minecraft:fishing_rod":6,"minecraft:cobblestone":178,"minecraft:cooked_porkchop":5,"minecraft:bucket":52,"minecraft:splash_potion":1},"minecraft:broken":{"minecraft:stone_pickaxe":1,"minecraft:golden_sword":1,"minecraft:stone_axe":3,"minecraft:stone_sword":1,"minecraft:iron_pickaxe":2},"minecraft:picked_up":{"minecraft:birch_door":1,"minecraft:iron_chestplate":1,"minecraft:wheat":5,"minecraft:lead":2,"minecraft:enchanted_book":2,"minecraft:brewing_stand":1,"minecraft:golden_sword":2,"minecraft:string":12,"minecraft:raw_copper":158,"minecraft:cooked_salmon":4,"minecraft:iron_leggings":1,"minecraft:pufferfish":4,"minecraft:gold_nugget":14,"minecraft:cobbled_deepslate":271,"minecraft:bucket":1,"minecraft:iron_pickaxe":1,"minecraft:furnace":9,"minecraft:stick":28,"minecraft:big_dripleaf":1,"minecraft:oak_fence":6,"minecraft:torch":33,"minecraft:porkchop":32,"minecraft:pointed_dripstone":2,"minecraft:waxed_copper_grate":44,"minecraft:diorite":6,"minecraft:rotten_flesh":60,"minecraft:tropical_fish":18,"minecraft:obsidian":16,"minecraft:cod":1,"minecraft:cobblestone":342,"minecraft:nautilus_shell":4,"minecraft:birch_log":53,"minecraft:magma_block":1,"minecraft:feather":6,"minecraft:andesite":38,"minecraft:black_bed":2,"minecraft:potato":765,"minecraft:flint":7,"minecraft:tuff":3,"minecraft:lapis_lazuli":661,"minecraft:dirt":377,"minecraft:bone":27,"minecraft:wheat_seeds":16,"minecraft:raw_gold":23,"minecraft:oak_planks":26,"minecraft:oak_pressure_plate":1,"minecraft:poisonous_potato":7,"minecraft:sand":36,"minecraft:iron_hoe":2,"minecraft:diamond":69,"minecraft:breeze_rod":1,"minecraft:granite":2,"minecraft:bone_meal":1,"minecraft:emerald":13,"minecraft:oak_sapling":26,"minecraft:netherrack":119,"minecraft:crimson_roots":10,"minecraft:fishing_rod":1,"minecraft:charcoal":112,"minecraft:crafting_table":12,"minecraft:chicken":4,"minecraft:clay_ball":8,"minecraft:wooden_pickaxe":1,"minecraft:gold_block":1,"minecraft:beef":60,"minecraft:oak_boat":5,"minecraft:birch_sapling":12,"minecraft:chest":4,"minecraft:sugar_cane":78,"minecraft:egg":28,"minecraft:raw_iron":241,"minecraft:sandstone":1,"minecraft:carrot":1,"minecraft:redstone":134,"minecraft:arrow":19,"minecraft:weeping_vines":5,"minecraft:hay_block":17,"minecraft:saddle":2,"minecraft:gold_ingot":8,"minecraft:tuff_bricks":22,"minecraft:mutton":11,"minecraft:white_wool":7,"minecraft:rail":1,"minecraft:stripped_oak_log":4,"minecraft:crimson_stem":74,"minecraft:salmon":1,"minecraft:leather":31,"minecraft:filled_map":1,"minecraft:birch_planks":29,"minecraft:mushroom_stew":5,"minecraft:oak_log":110,"minecraft:waxed_copper_block":1,"minecraft:nether_wart_block":1,"minecraft:gunpowder":9,"minecraft:apple":2,"minecraft:kelp":35,"minecraft:iron_ingot":42,"minecraft:stone_pickaxe":1,"minecraft:soul_sand":27,"minecraft:iron_sword":1,"minecraft:birch_boat":2,"minecraft:pumpkin":23,"minecraft:quartz":114,"minecraft:dripstone_block":7,"minecraft:gravel":36,"minecraft:white_bed":1,"minecraft:polished_tuff":3,"minecraft:spider_eye":9,"minecraft:slime_ball":10,"minecraft:stone_axe":2,"minecraft:black_wool":1,"minecraft:chiseled_tuff_bricks":4,"minecraft:coal":220},"minecraft:killed":{"minecraft:zombified_piglin":31,"minecraft:witch":1,"minecraft:spider":10,"minecraft:skeleton":17,"minecraft:chicken":4,"minecraft:wolf":1,"minecraft:piglin":3,"minecraft:pig":8,"minecraft:zombie_villager":1,"minecraft:creeper":4,"minecraft:sheep":8,"minecraft:zombie":51,"minecraft:cow":30,"minecraft:slime":10,"minecraft:wandering_trader":1,"minecraft:hoglin":3,"minecraft:breeze":1},"minecraft:killed_by":{"minecraft:zombie":2,"minecraft:enderman":1,"minecraft:skeleton":3},"minecraft:custom":{"minecraft:interact_with_crafting_table":88,"minecraft:leave_game":20,"minecraft:time_since_death":449741,"minecraft:sprint_one_cm":1220122,"minecraft:drop":54,"minecraft:talked_to_villager":2,"minecraft:play_time":514223,"minecraft:deaths":6,"minecraft:jump":7656,"minecraft:walk_on_water_one_cm":110368,"minecraft:enchant_item":3,"minecraft:interact_with_furnace":105,"minecraft:sleep_in_bed":7,"minecraft:damage_dealt":26363,"minecraft:crouch_one_cm":42728,"minecraft:interact_with_smoker":1,"minecraft:inspect_dispenser":38,"minecraft:mob_kills":191,"minecraft:climb_one_cm":4113,"minecraft:walk_one_cm":910182,"minecraft:sneak_time":20062,"minecraft:walk_under_water_one_cm":111407,"minecraft:boat_one_cm":976447,"minecraft:total_world_time":514223,"minecraft:time_since_rest":17272,"minecraft:damage_taken":7026,"minecraft:swim_one_cm":338047,"minecraft:fly_one_cm":1221670,"minecraft:open_chest":192,"minecraft:fish_caught":2,"minecraft:fall_one_cm":227327},"minecraft:dropped":{"minecraft:lapis_lazuli":128,"minecraft:oak_pressure_plate":1,"minecraft:diamond":10,"minecraft:saddle":1,"minecraft:emerald":13,"minecraft:dirt":40,"minecraft:bone_meal":1,"minecraft:gold_ingot":7,"minecraft:bone":5,"minecraft:stone_axe":1,"minecraft:cobbled_deepslate":42,"minecraft:birch_sapling":1,"minecraft:rotten_flesh":12,"minecraft:gunpowder":3,"minecraft:charcoal":56,"minecraft:enchanted_book":1,"minecraft:iron_ingot":26,"minecraft:bread":1,"minecraft:poisonous_potato":3,"minecraft:cobblestone":82,"minecraft:tropical_fish":18,"minecraft:coal":6,"minecraft:mushroom_stew":3,"minecraft:stick":4,"minecraft:cooked_salmon":4,"minecraft:iron_shovel":1,"minecraft:redstone":64,"minecraft:kelp":1,"minecraft:raw_copper":20,"minecraft:iron_hoe":1,"minecraft:filled_map":2,"minecraft:big_dripleaf":1,"minecraft:spider_eye":5,"minecraft:nautilus_shell":2},"minecraft:mined":{"minecraft:brewing_stand":1,"minecraft:obsidian":17,"minecraft:granite":7,"minecraft:grass_block":116,"minecraft:chiseled_tuff_bricks":4,"minecraft:tuff_bricks":22,"minecraft:spawner":1,"minecraft:weeping_vines_plant":4,"minecraft:magma_block":1,"minecraft:iron_ore":51,"minecraft:cobbled_deepslate":3,"minecraft:fire":4,"minecraft:polished_tuff":3,"minecraft:pumpkin":24,"minecraft:deepslate_lapis_ore":39,"minecraft:dirt_path":1,"minecraft:crimson_nylium":11,"minecraft:clay":1,"minecraft:torch":8,"minecraft:chest":1,"minecraft:nether_quartz_ore":128,"minecraft:cobblestone":10,"minecraft:sugar_cane":39,"minecraft:oak_planks":7,"minecraft:wall_torch":14,"minecraft:nether_wart_block":1,"minecraft:birch_log":51,"minecraft:wheat":6,"minecraft:waxed_copper_block":1,"minecraft:birch_door":1,"minecraft:black_bed":1,"minecraft:oak_log":111,"minecraft:sand":86,"minecraft:dirt":101,"minecraft:netherrack":124,"minecraft:oak_leaves":42,"minecraft:deepslate":147,"minecraft:tuff":6,"minecraft:deepslate_diamond_ore":40,"minecraft:crimson_roots":8,"minecraft:sandstone":2,"minecraft:crimson_stem":78,"minecraft:hay_block":17,"minecraft:furnace":7,"minecraft:waxed_copper_grate":36,"minecraft:andesite":14,"minecraft:gold_block":1,"minecraft:potatoes":242,"minecraft:deepslate_iron_ore":93,"minecraft:rail":1,"minecraft:stripped_oak_log":4,"minecraft:stone":158,"minecraft:soul_sand":28,"minecraft:oak_fence":6,"minecraft:crafting_table":13,"minecraft:short_grass":6,"minecraft:tall_grass":4,"minecraft:lapis_ore":4,"minecraft:deepslate_gold_ore":23,"minecraft:diorite":6,"minecraft:big_dripleaf":1,"minecraft:birch_planks":26,"minecraft:birch_leaves":7,"minecraft:coal_ore":199,"minecraft:gravel":9,"minecraft:dripstone_block":7},"minecraft:crafted":{"minecraft:oak_planks":456,"minecraft:oak_pressure_plate":1,"minecraft:birch_boat":2,"minecraft:cooked_chicken":1,"minecraft:bookshelf":7,"minecraft:cooked_mutton":4,"minecraft:diamond_helmet":1,"minecraft:diamond_leggings":1,"minecraft:bow":1,"minecraft:chest":14,"minecraft:birch_door":3,"minecraft:cooked_porkchop":5,"minecraft:diamond_axe":1,"minecraft:crafting_table":15,"minecraft:baked_potato":243,"minecraft:wooden_pickaxe":1,"minecraft:birch_planks":212,"minecraft:book":24,"minecraft:paper":72,"minecraft:diamond_pickaxe":2,"minecraft:stick":164,"minecraft:iron_ingot":50,"minecraft:iron_pickaxe":5,"minecraft:stone_sword":2,"minecraft:gold_ingot":10,"minecraft:oak_door":9,"minecraft:fishing_rod":1,"minecraft:wind_charge":4,"minecraft:furnace":11,"minecraft:bone_meal":63,"minecraft:flint_and_steel":1,"minecraft:ladder":6,"minecraft:stone_pickaxe":2,"minecraft:diamond_boots":1,"minecraft:wheat":18,"minecraft:cooked_beef":24,"minecraft:cooked_cod":1,"minecraft:enchanting_table":1,"minecraft:iron_sword":1,"minecraft:bowl":4,"minecraft:bucket":5,"minecraft:stone_axe":4,"minecraft:bread":6,"minecraft:air":0,"minecraft:oak_boat":5,"minecraft:golden_apple":1,"minecraft:iron_shovel":2,"minecraft:white_bed":1,"minecraft:torch":432,"minecraft:diamond_chestplate":1}},"DataVersion":3953}