{"stats":{"minecraft:killed_by":{"minecraft:enderman":1,"minecraft:skeleton":3,"minecraft:zombie":2},"minecraft:picked_up":{"minecraft:fishing_rod":1,"minecraft:crafting_table":9,"minecraft:chicken":1,"minecraft:clay_ball":4,"minecraft:wooden_pickaxe":1,"minecraft:string":11,"minecraft:cobbled_deepslate":154,"minecraft:beef":24,"minecraft:birch_sapling":2,"minecraft:sugar_cane":3,"minecraft:chest":1,"minecraft:furnace":7,"minecraft:egg":14,"minecraft:stick":8,"minecraft:raw_iron":143,"minecraft:big_dripleaf":1,"minecraft:oak_fence":6,"minecraft:torch":25,"minecraft:porkchop":8,"minecraft:waxed_copper_grate":36,"minecraft:pointed_dripstone":1,"minecraft:diorite":6,"minecraft:carrot":1,"minecraft:redstone":8,"minecraft:arrow":19,"minecraft:rotten_flesh":42,"minecraft:tropical_fish":18,"minecraft:tuff_bricks":22,"minecraft:obsidian":3,"minecraft:mutton":9,"minecraft:cod":1,"minecraft:rail":1,"minecraft:white_wool":6,"minecraft:cobblestone":171,"minecraft:birch_log":45,"minecraft:feather":2,"minecraft:andesite":14,"minecraft:salmon":1,"minecraft:leather":8,"minecraft:potato":79,"minecraft:birch_planks":25,"minecraft:flint":1,"minecraft:oak_log":48,"minecraft:waxed_copper_block":1,"minecraft:gunpowder":4,"minecraft:lapis_lazuli":278,"minecraft:dirt":59,"minecraft:bone":17,"minecraft:apple":1,"minecraft:raw_gold":23,"minecraft:stone_pickaxe":1,"minecraft:oak_planks":24,"minecraft:pumpkin":19,"minecraft:poisonous_potato":2,"minecraft:dripstone_block":6,"minecraft:gravel":5,"minecraft:sand":21,"minecraft:polished_tuff":3,"minecraft:spider_eye":5,"minecraft:slime_ball":10,"minecraft:diamond":40,"minecraft:stone_axe":2,"minecraft:granite":2,"minecraft:breeze_rod":1,"minecraft:bone_meal":1,"minecraft:oak_sapling":4,"minecraft:black_wool":1,"minecraft:chiseled_tuff_bricks":4,"minecraft:coal":150},"minecraft:killed":{"minecraft:witch":1,"minecraft:spider":10,"minecraft:slime":10,"minecraft:skeleton":16,"minecraft:chicken":1,"minecraft:wolf":1,"minecraft:pig":3,"minecraft:zombie_villager":1,"minecraft:creeper":4,"minecraft:sheep":7,"minecraft:zombie":51,"minecraft:breeze":1,"minecraft:cow":13},"minecraft:crafted":{"minecraft:oak_door":9,"minecraft:oak_planks":192,"minecraft:fishing_rod":1,"minecraft:cooked_chicken":1,"minecraft:wind_charge":4,"minecraft:furnace":8,"minecraft:cooked_mutton":4,"minecraft:diamond_helmet":1,"minecraft:bow":1,"minecraft:diamond_leggings":1,"minecraft:ladder":6,"minecraft:stone_pickaxe":2,"minecraft:chest":5,"minecraft:diamond_boots":1,"minecraft:cooked_beef":24,"minecraft:cooked_cod":1,"minecraft:cooked_porkchop":5,"minecraft:crafting_table":9,"minecraft:wooden_pickaxe":1,"minecraft:baked_potato":7,"minecraft:iron_sword":1,"minecraft:bowl":4,"minecraft:bucket":1,"minecraft:birch_planks":180,"minecraft:stone_axe":4,"minecraft:air":0,"minecraft:oak_boat":3,"minecraft:book":1,"minecraft:paper":3,"minecraft:diamond_pickaxe":1,"minecraft:golden_apple":1,"minecraft:stick":148,"minecraft:iron_ingot":43,"minecraft:iron_pickaxe":5,"minecraft:stone_sword":2,"minecraft:iron_shovel":2,"minecraft:gold_ingot":10,"minecraft:white_bed":1,"minecraft:torch":372,"minecraft:diamond_chestplate":1},"minecraft:mined":{"minecraft:tuff":6,"minecraft:deepslate_diamond_ore":40,"minecraft:obsidian":4,"minecraft:granite":7,"minecraft:grass_block":15,"minecraft:chiseled_tuff_bricks":4,"minecraft:tuff_bricks":22,"minecraft:spawner":1,"minecraft:furnace":7,"minecraft:waxed_copper_grate":36,"minecraft:iron_ore":43,"minecraft:polished_tuff":3,"minecraft:andesite":14,"minecraft:pumpkin":19,"minecraft:deepslate_lapis_ore":39,"minecraft:potatoes":30,"minecraft:deepslate_iron_ore":93,"minecraft:rail":1,"minecraft:stone":112,"minecraft:oak_fence":6,"minecraft:clay":1,"minecraft:crafting_table":11,"minecraft:torch":7,"minecraft:short_grass":2,"minecraft:chest":1,"minecraft:tall_grass":1,"minecraft:cobblestone":6,"minecraft:lapis_ore":4,"minecraft:deepslate_gold_ore":23,"minecraft:oak_planks":5,"minecraft:diorite":6,"minecraft:wall_torch":12,"minecraft:big_dripleaf":1,"minecraft:birch_planks":26,"minecraft:birch_log":43,"minecraft:birch_leaves":7,"minecraft:waxed_copper_block":1,"minecraft:oak_log":48,"minecraft:coal_ore":149,"minecraft:dripstone_block":7,"minecraft:gravel":9,"minecraft:sand":71,"minecraft:dirt":56,"minecraft:oak_leaves":6,"minecraft:deepslate":147},"minecraft:custom":{"minecraft:mob_kills":126,"minecraft:interact_with_crafting_table":63,"minecraft:leave_game":12,"minecraft:time_since_death":227423,"minecraft:climb_one_cm":1334,"minecraft:sprint_one_cm":756109,"minecraft:walk_one_cm":567480,"minecraft:drop":22,"minecraft:play_time":291905,"minecraft:deaths":6,"minecraft:sneak_time":11890,"minecraft:walk_under_water_one_cm":65426,"minecraft:boat_one_cm":199944,"minecraft:jump":4873,"minecraft:walk_on_water_one_cm":82270,"minecraft:total_world_time":291905,"minecraft:interact_with_furnace":68,"minecraft:sleep_in_bed":3,"minecraft:time_since_rest":102370,"minecraft:damage_taken":5329,"minecraft:damage_dealt":17538,"minecraft:swim_one_cm":151312,"minecraft:fly_one_cm":732748,"minecraft:open_chest":70,"minecraft:crouch_one_cm":20322,"minecraft:fish_caught":2,"minecraft:fall_one_cm":142068,"minecraft:inspect_dispenser":38},"minecraft:used":{"minecraft:tuff_bricks":22,"minecraft:stone_sword":198,"minecraft:iron_shovel":105,"minecraft:ladder":6,"minecraft:chest":6,"minecraft:iron_sword":66,"minecraft:cooked_salmon":7,"minecraft:cooked_chicken":1,"minecraft:rotten_flesh":32,"minecraft:oak_door":4,"minecraft:torch":372,"minecraft:dirt":17,"minecraft:waxed_copper_grate":28,"minecraft:granite":2,"minecraft:bow":7,"minecraft:furnace":13,"minecraft:cooked_cod":5,"minecraft:egg":9,"minecraft:cooked_beef":24,"minecraft:potato":64,"minecraft:cobbled_deepslate":114,"minecraft:pumpkin":6,"minecraft:cooked_mutton":4,"minecraft:water_bucket":42,"minecraft:diorite":48,"minecraft:birch_planks":104,"minecraft:stone_pickaxe":256,"minecraft:baked_potato":7,"minecraft:oak_planks":31,"minecraft:wooden_pickaxe":14,"minecraft:sand":8,"minecraft:crafting_table":17,"minecraft:mushroom_stew":3,"minecraft:white_bed":1,"minecraft:dripstone_block":5,"minecraft:polished_tuff":3,"minecraft:diamond_pickaxe":9,"minecraft:iron_pickaxe":515,"minecraft:wind_charge":4,"minecraft:gravel":2,"minecraft:stone_axe":235,"minecraft:fishing_rod":6,"minecraft:cobblestone":124,"minecraft:cooked_porkchop":5,"minecraft:andesite":14,"minecraft:bucket":42,"minecraft:oak_boat":3,"minecraft:splash_potion":1},"minecraft:broken":{"minecraft:stone_sword":1,"minecraft:stone_pickaxe":1,"minecraft:stone_axe":2,"minecraft:iron_pickaxe":2},"minecraft:dropped":{"minecraft:diamond":7,"minecraft:poisonous_potato":2,"minecraft:tropical_fish":18,"minecraft:stick":1,"minecraft:dirt":1,"minecraft:bone_meal":1,"minecraft:iron_shovel":1,"minecraft:stone_axe":1,"minecraft:birch_sapling":1,"minecraft:rotten_flesh":12,"minecraft:filled_map":1,"minecraft:big_dripleaf":1,"minecraft:gunpowder":3,"minecraft:spider_eye":1}},"DataVersion":3953}