{"stats":{"minecraft:killed_by":{"minecraft:enderman":1,"minecraft:skeleton":3,"minecraft:zombie":2},"minecraft:picked_up":{"minecraft:fishing_rod":1,"minecraft:crafting_table":8,"minecraft:chicken":1,"minecraft:clay_ball":4,"minecraft:wooden_pickaxe":1,"minecraft:string":6,"minecraft:cobbled_deepslate":78,"minecraft:beef":24,"minecraft:sugar_cane":3,"minecraft:chest":1,"minecraft:birch_sapling":2,"minecraft:egg":9,"minecraft:furnace":6,"minecraft:stick":5,"minecraft:raw_iron":121,"minecraft:big_dripleaf":1,"minecraft:torch":19,"minecraft:porkchop":8,"minecraft:pointed_dripstone":1,"minecraft:redstone":8,"minecraft:arrow":17,"minecraft:rotten_flesh":34,"minecraft:tropical_fish":18,"minecraft:obsidian":3,"minecraft:mutton":9,"minecraft:cod":1,"minecraft:white_wool":6,"minecraft:cobblestone":147,"minecraft:birch_log":45,"minecraft:feather":2,"minecraft:andesite":14,"minecraft:salmon":1,"minecraft:leather":8,"minecraft:potato":79,"minecraft:birch_planks":11,"minecraft:oak_log":39,"minecraft:gunpowder":4,"minecraft:lapis_lazuli":233,"minecraft:dirt":26,"minecraft:bone":15,"minecraft:raw_gold":23,"minecraft:stone_pickaxe":1,"minecraft:oak_planks":19,"minecraft:pumpkin":19,"minecraft:gravel":1,"minecraft:poisonous_potato":2,"minecraft:dripstone_block":6,"minecraft:sand":8,"minecraft:spider_eye":2,"minecraft:diamond":35,"minecraft:stone_axe":2,"minecraft:granite":2,"minecraft:bone_meal":1,"minecraft:black_wool":1,"minecraft:coal":150},"minecraft:killed":{"minecraft:witch":1,"minecraft:spider":3,"minecraft:skeleton":15,"minecraft:chicken":1,"minecraft:wolf":1,"minecraft:pig":3,"minecraft:zombie_villager":1,"minecraft:creeper":3,"minecraft:sheep":7,"minecraft:zombie":39,"minecraft:cow":13},"minecraft:crafted":{"minecraft:oak_door":6,"minecraft:oak_planks":156,"minecraft:fishing_rod":1,"minecraft:cooked_chicken":1,"minecraft:furnace":7,"minecraft:cooked_mutton":4,"minecraft:diamond_helmet":1,"minecraft:bow":1,"minecraft:diamond_leggings":1,"minecraft:ladder":6,"minecraft:stone_pickaxe":2,"minecraft:chest":3,"minecraft:diamond_boots":1,"minecraft:cooked_beef":22,"minecraft:cooked_cod":1,"minecraft:cooked_porkchop":5,"minecraft:crafting_table":6,"minecraft:wooden_pickaxe":1,"minecraft:bucket":1,"minecraft:birch_planks":180,"minecraft:stone_axe":3,"minecraft:air":0,"minecraft:oak_boat":3,"minecraft:book":1,"minecraft:paper":3,"minecraft:diamond_pickaxe":1,"minecraft:stick":140,"minecraft:iron_ingot":34,"minecraft:iron_pickaxe":5,"minecraft:stone_sword":2,"minecraft:white_bed":1,"minecraft:torch":372,"minecraft:diamond_chestplate":1},"minecraft:mined":{"minecraft:deepslate_diamond_ore":35,"minecraft:obsidian":3,"minecraft:granite":2,"minecraft:grass_block":11,"minecraft:furnace":6,"minecraft:iron_ore":43,"minecraft:andesite":14,"minecraft:pumpkin":19,"minecraft:deepslate_lapis_ore":31,"minecraft:potatoes":30,"minecraft:deepslate_iron_ore":72,"minecraft:stone":77,"minecraft:clay":1,"minecraft:crafting_table":10,"minecraft:torch":6,"minecraft:short_grass":2,"minecraft:chest":1,"minecraft:tall_grass":1,"minecraft:cobblestone":6,"minecraft:lapis_ore":4,"minecraft:deepslate_gold_ore":23,"minecraft:wall_torch":8,"minecraft:big_dripleaf":1,"minecraft:birch_planks":12,"minecraft:birch_log":43,"minecraft:birch_leaves":7,"minecraft:oak_log":39,"minecraft:coal_ore":149,"minecraft:dripstone_block":7,"minecraft:gravel":1,"minecraft:sand":8,"minecraft:dirt":15,"minecraft:oak_leaves":5,"minecraft:deepslate":72},"minecraft:custom":{"minecraft:mob_kills":94,"minecraft:interact_with_crafting_table":52,"minecraft:leave_game":9,"minecraft:time_since_death":156668,"minecraft:climb_one_cm":1334,"minecraft:sprint_one_cm":559590,"minecraft:walk_one_cm":416975,"minecraft:drop":18,"minecraft:play_time":221150,"minecraft:deaths":6,"minecraft:sneak_time":9521,"minecraft:walk_under_water_one_cm":46625,"minecraft:boat_one_cm":199944,"minecraft:jump":3834,"minecraft:walk_on_water_one_cm":59352,"minecraft:total_world_time":221150,"minecraft:interact_with_furnace":52,"minecraft:sleep_in_bed":3,"minecraft:time_since_rest":31615,"minecraft:damage_taken":4630,"minecraft:damage_dealt":13380,"minecraft:fly_one_cm":552115,"minecraft:swim_one_cm":82553,"minecraft:open_chest":38,"minecraft:crouch_one_cm":16659,"minecraft:fish_caught":2,"minecraft:fall_one_cm":114705},"minecraft:used":{"minecraft:stone_sword":198,"minecraft:ladder":6,"minecraft:chest":4,"minecraft:cooked_salmon":7,"minecraft:cooked_chicken":1,"minecraft:rotten_flesh":15,"minecraft:oak_door":1,"minecraft:torch":366,"minecraft:dirt":17,"minecraft:granite":1,"minecraft:bow":7,"minecraft:furnace":11,"minecraft:cooked_cod":5,"minecraft:egg":8,"minecraft:cooked_beef":22,"minecraft:potato":64,"minecraft:cobbled_deepslate":49,"minecraft:pumpkin":6,"minecraft:cooked_mutton":4,"minecraft:water_bucket":35,"minecraft:diorite":42,"minecraft:birch_planks":71,"minecraft:stone_pickaxe":256,"minecraft:oak_planks":28,"minecraft:wooden_pickaxe":14,"minecraft:sand":8,"minecraft:crafting_table":14,"minecraft:white_bed":1,"minecraft:dripstone_block":5,"minecraft:diamond_pickaxe":5,"minecraft:iron_pickaxe":281,"minecraft:gravel":1,"minecraft:stone_axe":195,"minecraft:fishing_rod":6,"minecraft:cobblestone":100,"minecraft:cooked_porkchop":5,"minecraft:andesite":6,"minecraft:bucket":36,"minecraft:oak_boat":3},"minecraft:broken":{"minecraft:stone_sword":1,"minecraft:stone_pickaxe":1,"minecraft:stone_axe":1},"minecraft:dropped":{"minecraft:diamond":7,"minecraft:poisonous_potato":2,"minecraft:tropical_fish":18,"minecraft:bone_meal":1,"minecraft:stone_axe":1,"minecraft:birch_sapling":1,"minecraft:rotten_flesh":12,"minecraft:big_dripleaf":1,"minecraft:gunpowder":3,"minecraft:spider_eye":1}},"DataVersion":3953}