{"stats":{"minecraft:killed_by":{"minecraft:enderman":1,"minecraft:skeleton":3,"minecraft:zombie":2},"minecraft:picked_up":{"minecraft:fishing_rod":1,"minecraft:charcoal":112,"minecraft:crafting_table":10,"minecraft:iron_chestplate":1,"minecraft:chicken":1,"minecraft:clay_ball":8,"minecraft:wooden_pickaxe":1,"minecraft:enchanted_book":2,"minecraft:string":12,"minecraft:raw_copper":158,"minecraft:cooked_salmon":4,"minecraft:iron_leggings":1,"minecraft:pufferfish":4,"minecraft:cobbled_deepslate":269,"minecraft:bucket":1,"minecraft:beef":24,"minecraft:iron_pickaxe":1,"minecraft:sugar_cane":3,"minecraft:chest":4,"minecraft:birch_sapling":12,"minecraft:furnace":9,"minecraft:egg":15,"minecraft:stick":11,"minecraft:raw_iron":233,"minecraft:big_dripleaf":1,"minecraft:oak_fence":6,"minecraft:torch":25,"minecraft:porkchop":11,"minecraft:waxed_copper_grate":44,"minecraft:pointed_dripstone":2,"minecraft:diorite":6,"minecraft:carrot":1,"minecraft:redstone":134,"minecraft:arrow":19,"minecraft:rotten_flesh":42,"minecraft:tropical_fish":18,"minecraft:saddle":2,"minecraft:gold_ingot":8,"minecraft:tuff_bricks":22,"minecraft:obsidian":3,"minecraft:mutton":9,"minecraft:cod":1,"minecraft:rail":1,"minecraft:white_wool":6,"minecraft:cobblestone":307,"minecraft:nautilus_shell":4,"minecraft:birch_log":48,"minecraft:feather":4,"minecraft:andesite":38,"minecraft:salmon":1,"minecraft:black_bed":1,"minecraft:leather":8,"minecraft:potato":221,"minecraft:filled_map":1,"minecraft:birch_planks":29,"minecraft:mushroom_stew":5,"minecraft:flint":7,"minecraft:tuff":3,"minecraft:oak_log":54,"minecraft:waxed_copper_block":1,"minecraft:gunpowder":9,"minecraft:lapis_lazuli":661,"minecraft:dirt":242,"minecraft:bone":27,"minecraft:apple":1,"minecraft:wheat_seeds":1,"minecraft:raw_gold":23,"minecraft:iron_ingot":42,"minecraft:stone_pickaxe":1,"minecraft:iron_sword":1,"minecraft:oak_planks":24,"minecraft:birch_boat":1,"minecraft:pumpkin":19,"minecraft:oak_pressure_plate":1,"minecraft:poisonous_potato":2,"minecraft:dripstone_block":7,"minecraft:gravel":36,"minecraft:sand":33,"minecraft:white_bed":1,"minecraft:spider_eye":9,"minecraft:polished_tuff":3,"minecraft:iron_hoe":2,"minecraft:slime_ball":10,"minecraft:diamond":69,"minecraft:stone_axe":2,"minecraft:granite":2,"minecraft:breeze_rod":1,"minecraft:bone_meal":1,"minecraft:emerald":13,"minecraft:oak_sapling":5,"minecraft:black_wool":1,"minecraft:coal":170,"minecraft:chiseled_tuff_bricks":4},"minecraft:killed":{"minecraft:witch":1,"minecraft:spider":10,"minecraft:slime":10,"minecraft:skeleton":16,"minecraft:chicken":1,"minecraft:wolf":1,"minecraft:pig":3,"minecraft:zombie_villager":1,"minecraft:creeper":4,"minecraft:sheep":7,"minecraft:zombie":51,"minecraft:breeze":1,"minecraft:cow":13},"minecraft:crafted":{"minecraft:oak_door":9,"minecraft:oak_planks":216,"minecraft:fishing_rod":1,"minecraft:oak_pressure_plate":1,"minecraft:cooked_chicken":1,"minecraft:furnace":10,"minecraft:wind_charge":4,"minecraft:cooked_mutton":4,"minecraft:flint_and_steel":1,"minecraft:diamond_helmet":1,"minecraft:bow":1,"minecraft:diamond_leggings":1,"minecraft:ladder":6,"minecraft:stone_pickaxe":2,"minecraft:chest":9,"minecraft:diamond_boots":1,"minecraft:cooked_beef":24,"minecraft:cooked_cod":1,"minecraft:cooked_porkchop":5,"minecraft:crafting_table":9,"minecraft:wooden_pickaxe":1,"minecraft:baked_potato":90,"minecraft:iron_sword":1,"minecraft:bowl":4,"minecraft:bucket":1,"minecraft:birch_planks":192,"minecraft:stone_axe":4,"minecraft:air":0,"minecraft:oak_boat":3,"minecraft:book":1,"minecraft:paper":3,"minecraft:diamond_pickaxe":1,"minecraft:golden_apple":1,"minecraft:stick":148,"minecraft:iron_ingot":43,"minecraft:iron_pickaxe":5,"minecraft:stone_sword":2,"minecraft:iron_shovel":2,"minecraft:gold_ingot":10,"minecraft:white_bed":1,"minecraft:torch":372,"minecraft:diamond_chestplate":1},"minecraft:mined":{"minecraft:tuff":6,"minecraft:deepslate_diamond_ore":40,"minecraft:obsidian":4,"minecraft:granite":7,"minecraft:grass_block":17,"minecraft:chiseled_tuff_bricks":4,"minecraft:spawner":1,"minecraft:tuff_bricks":22,"minecraft:furnace":7,"minecraft:waxed_copper_grate":36,"minecraft:iron_ore":43,"minecraft:polished_tuff":3,"minecraft:andesite":14,"minecraft:pumpkin":19,"minecraft:deepslate_lapis_ore":39,"minecraft:potatoes":74,"minecraft:deepslate_iron_ore":93,"minecraft:dirt_path":1,"minecraft:rail":1,"minecraft:stone":112,"minecraft:clay":1,"minecraft:oak_fence":6,"minecraft:crafting_table":11,"minecraft:torch":7,"minecraft:short_grass":2,"minecraft:chest":1,"minecraft:tall_grass":1,"minecraft:cobblestone":6,"minecraft:deepslate_gold_ore":23,"minecraft:lapis_ore":4,"minecraft:oak_planks":5,"minecraft:diorite":6,"minecraft:wall_torch":12,"minecraft:big_dripleaf":1,"minecraft:birch_planks":26,"minecraft:birch_log":46,"minecraft:birch_leaves":7,"minecraft:waxed_copper_block":1,"minecraft:coal_ore":149,"minecraft:oak_log":54,"minecraft:sand":76,"minecraft:gravel":9,"minecraft:dripstone_block":7,"minecraft:dirt":63,"minecraft:oak_leaves":7,"minecraft:deepslate":147},"minecraft:custom":{"minecraft:mob_kills":126,"minecraft:interact_with_crafting_table":69,"minecraft:leave_game":13,"minecraft:time_since_death":243868,"minecraft:climb_one_cm":1334,"minecraft:sprint_one_cm":775435,"minecraft:walk_one_cm":592230,"minecraft:drop":48,"minecraft:play_time":308350,"minecraft:sneak_time":12038,"minecraft:deaths":6,"minecraft:walk_under_water_one_cm":69344,"minecraft:boat_one_cm":199944,"minecraft:jump":5024,"minecraft:walk_on_water_one_cm":84299,"minecraft:total_world_time":308350,"minecraft:interact_with_furnace":76,"minecraft:sleep_in_bed":5,"minecraft:time_since_rest":9295,"minecraft:damage_taken":5409,"minecraft:damage_dealt":17538,"minecraft:swim_one_cm":178735,"minecraft:fly_one_cm":748414,"minecraft:open_chest":90,"minecraft:crouch_one_cm":20448,"minecraft:fish_caught":2,"minecraft:fall_one_cm":145220,"minecraft:inspect_dispenser":38},"minecraft:used":{"minecraft:tuff_bricks":22,"minecraft:stone_sword":198,"minecraft:iron_shovel":120,"minecraft:ladder":6,"minecraft:chest":11,"minecraft:iron_sword":66,"minecraft:cooked_salmon":7,"minecraft:cooked_chicken":1,"minecraft:rotten_flesh":32,"minecraft:oak_door":4,"minecraft:torch":372,"minecraft:dirt":19,"minecraft:waxed_copper_grate":28,"minecraft:granite":2,"minecraft:bow":7,"minecraft:furnace":15,"minecraft:cooked_cod":5,"minecraft:egg":9,"minecraft:potato":108,"minecraft:cooked_beef":24,"minecraft:cobbled_deepslate":114,"minecraft:pumpkin":6,"minecraft:cooked_mutton":4,"minecraft:water_bucket":42,"minecraft:diorite":48,"minecraft:baked_potato":7,"minecraft:birch_planks":104,"minecraft:oak_planks":31,"minecraft:stone_pickaxe":256,"minecraft:wooden_pickaxe":14,"minecraft:sand":8,"minecraft:tnt":1,"minecraft:crafting_table":18,"minecraft:mushroom_stew":5,"minecraft:white_bed":2,"minecraft:dripstone_block":5,"minecraft:black_bed":1,"minecraft:polished_tuff":3,"minecraft:diamond_pickaxe":9,"minecraft:iron_pickaxe":515,"minecraft:wind_charge":4,"minecraft:oak_pressure_plate":1,"minecraft:gravel":2,"minecraft:stone_axe":245,"minecraft:fishing_rod":6,"minecraft:cobblestone":125,"minecraft:cooked_porkchop":5,"minecraft:andesite":14,"minecraft:bucket":42,"minecraft:oak_boat":3,"minecraft:splash_potion":1},"minecraft:broken":{"minecraft:stone_sword":1,"minecraft:stone_pickaxe":1,"minecraft:stone_axe":2,"minecraft:iron_pickaxe":2},"minecraft:dropped":{"minecraft:enchanted_book":1,"minecraft:iron_ingot":26,"minecraft:lapis_lazuli":128,"minecraft:oak_pressure_plate":1,"minecraft:diamond":7,"minecraft:poisonous_potato":2,"minecraft:cobblestone":82,"minecraft:saddle":1,"minecraft:tropical_fish":18,"minecraft:coal":6,"minecraft:mushroom_stew":3,"minecraft:emerald":13,"minecraft:stick":4,"minecraft:dirt":40,"minecraft:cooked_salmon":4,"minecraft:bone_meal":1,"minecraft:iron_shovel":1,"minecraft:redstone":64,"minecraft:bone":5,"minecraft:gold_ingot":7,"minecraft:stone_axe":1,"minecraft:cobbled_deepslate":42,"minecraft:raw_copper":20,"minecraft:birch_sapling":1,"minecraft:rotten_flesh":12,"minecraft:iron_hoe":1,"minecraft:filled_map":2,"minecraft:big_dripleaf":1,"minecraft:gunpowder":3,"minecraft:charcoal":56,"minecraft:spider_eye":5,"minecraft:nautilus_shell":2}},"DataVersion":3953}