{"stats":{"minecraft:mined":{"minecraft:tuff":6,"minecraft:deepslate_diamond_ore":40,"minecraft:brewing_stand":1,"minecraft:obsidian":17,"minecraft:granite":7,"minecraft:grass_block":18,"minecraft:crimson_roots":5,"minecraft:chiseled_tuff_bricks":4,"minecraft:spawner":1,"minecraft:tuff_bricks":22,"minecraft:sandstone":2,"minecraft:hay_block":17,"minecraft:weeping_vines_plant":1,"minecraft:magma_block":1,"minecraft:furnace":7,"minecraft:waxed_copper_grate":36,"minecraft:iron_ore":51,"minecraft:fire":4,"minecraft:cobbled_deepslate":3,"minecraft:polished_tuff":3,"minecraft:andesite":14,"minecraft:pumpkin":24,"minecraft:deepslate_lapis_ore":39,"minecraft:gold_block":1,"minecraft:potatoes":196,"minecraft:deepslate_iron_ore":93,"minecraft:dirt_path":1,"minecraft:rail":1,"minecraft:stripped_oak_log":4,"minecraft:stone":151,"minecraft:soul_sand":28,"minecraft:crimson_nylium":11,"minecraft:clay":1,"minecraft:oak_fence":6,"minecraft:crafting_table":13,"minecraft:torch":7,"minecraft:short_grass":5,"minecraft:chest":1,"minecraft:nether_quartz_ore":128,"minecraft:tall_grass":4,"minecraft:cobblestone":6,"minecraft:deepslate_gold_ore":23,"minecraft:lapis_ore":4,"minecraft:oak_planks":7,"minecraft:sugar_cane":39,"minecraft:wall_torch":12,"minecraft:diorite":6,"minecraft:big_dripleaf":1,"minecraft:birch_planks":26,"minecraft:nether_wart_block":1,"minecraft:birch_log":51,"minecraft:birch_leaves":7,"minecraft:waxed_copper_block":1,"minecraft:birch_door":1,"minecraft:coal_ore":199,"minecraft:oak_log":71,"minecraft:gravel":9,"minecraft:sand":86,"minecraft:dripstone_block":7,"minecraft:dirt":77,"minecraft:netherrack":124,"minecraft:oak_leaves":8,"minecraft:deepslate":147},"minecraft:custom":{"minecraft:mob_kills":186,"minecraft:interact_with_crafting_table":86,"minecraft:leave_game":17,"minecraft:time_since_death":391439,"minecraft:climb_one_cm":3947,"minecraft:sprint_one_cm":1141842,"minecraft:walk_one_cm":813345,"minecraft:drop":51,"minecraft:talked_to_villager":1,"minecraft:play_time":455921,"minecraft:sneak_time":18217,"minecraft:deaths":6,"minecraft:walk_under_water_one_cm":104153,"minecraft:boat_one_cm":976447,"minecraft:jump":6950,"minecraft:walk_on_water_one_cm":103440,"minecraft:enchant_item":2,"minecraft:total_world_time":455921,"minecraft:interact_with_furnace":93,"minecraft:sleep_in_bed":6,"minecraft:time_since_rest":44925,"minecraft:damage_taken":6707,"minecraft:damage_dealt":25218,"minecraft:swim_one_cm":335390,"minecraft:fly_one_cm":1137912,"minecraft:open_chest":151,"minecraft:crouch_one_cm":37035,"minecraft:inspect_dispenser":38,"minecraft:fall_one_cm":210978,"minecraft:interact_with_smoker":1,"minecraft:fish_caught":2},"minecraft:broken":{"minecraft:stone_sword":1,"minecraft:stone_pickaxe":1,"minecraft:golden_sword":1,"minecraft:stone_axe":3,"minecraft:iron_pickaxe":2},"minecraft:killed":{"minecraft:zombified_piglin":31,"minecraft:witch":1,"minecraft:spider":10,"minecraft:slime":10,"minecraft:skeleton":17,"minecraft:chicken":2,"minecraft:wolf":1,"minecraft:piglin":3,"minecraft:pig":8,"minecraft:zombie_villager":1,"minecraft:wandering_trader":1,"minecraft:creeper":4,"minecraft:sheep":8,"minecraft:zombie":51,"minecraft:breeze":1,"minecraft:cow":30},"minecraft:killed_by":{"minecraft:enderman":1,"minecraft:skeleton":3,"minecraft:zombie":2},"minecraft:used":{"minecraft:stone_sword":198,"minecraft:enchanting_table":1,"minecraft:iron_shovel":157,"minecraft:flint_and_steel":1,"minecraft:ladder":6,"minecraft:chest":11,"minecraft:iron_sword":166,"minecraft:cooked_salmon":8,"minecraft:cooked_chicken":1,"minecraft:rotten_flesh":32,"minecraft:netherrack":119,"minecraft:oak_door":4,"minecraft:torch":377,"minecraft:dirt":90,"minecraft:obsidian":10,"minecraft:granite":2,"minecraft:waxed_copper_grate":28,"minecraft:birch_door":4,"minecraft:lava_bucket":5,"minecraft:bookshelf":7,"minecraft:golden_sword":13,"minecraft:bow":7,"minecraft:furnace":16,"minecraft:cooked_cod":8,"minecraft:egg":16,"minecraft:potato":227,"minecraft:cooked_beef":24,"minecraft:pumpkin":6,"minecraft:golden_axe":7,"minecraft:cobbled_deepslate":115,"minecraft:cooked_mutton":4,"minecraft:water_bucket":47,"minecraft:diorite":48,"minecraft:baked_potato":39,"minecraft:birch_planks":104,"minecraft:oak_planks":38,"minecraft:stone_pickaxe":256,"minecraft:wooden_pickaxe":14,"minecraft:birch_boat":3,"minecraft:sugar_cane":2,"minecraft:sand":10,"minecraft:tnt":1,"minecraft:crafting_table":25,"minecraft:mushroom_stew":6,"minecraft:white_bed":2,"minecraft:dripstone_block":5,"minecraft:black_bed":1,"minecraft:polished_tuff":3,"minecraft:diamond_pickaxe":290,"minecraft:iron_pickaxe":621,"minecraft:wind_charge":4,"minecraft:bread":5,"minecraft:oak_pressure_plate":1,"minecraft:gravel":2,"minecraft:stone_axe":302,"minecraft:fishing_rod":6,"minecraft:cobblestone":173,"minecraft:cooked_porkchop":5,"minecraft:andesite":14,"minecraft:bucket":52,"minecraft:oak_boat":10,"minecraft:splash_potion":1,"minecraft:tuff_bricks":22},"minecraft:crafted":{"minecraft:oak_door":9,"minecraft:oak_planks":296,"minecraft:fishing_rod":1,"minecraft:oak_pressure_plate":1,"minecraft:birch_boat":2,"minecraft:cooked_chicken":1,"minecraft:wind_charge":4,"minecraft:furnace":11,"minecraft:bone_meal":63,"minecraft:bookshelf":7,"minecraft:cooked_mutton":4,"minecraft:flint_and_steel":1,"minecraft:diamond_helmet":1,"minecraft:bow":1,"minecraft:diamond_leggings":1,"minecraft:ladder":6,"minecraft:stone_pickaxe":2,"minecraft:chest":9,"minecraft:diamond_boots":1,"minecraft:birch_door":3,"minecraft:wheat":18,"minecraft:cooked_beef":24,"minecraft:cooked_cod":1,"minecraft:cooked_porkchop":5,"minecraft:crafting_table":14,"minecraft:enchanting_table":1,"minecraft:wooden_pickaxe":1,"minecraft:baked_potato":205,"minecraft:iron_sword":1,"minecraft:bowl":4,"minecraft:bucket":5,"minecraft:birch_planks":212,"minecraft:stone_axe":4,"minecraft:air":0,"minecraft:bread":6,"minecraft:oak_boat":5,"minecraft:book":24,"minecraft:paper":72,"minecraft:golden_apple":1,"minecraft:diamond_pickaxe":2,"minecraft:stick":160,"minecraft:iron_ingot":46,"minecraft:iron_pickaxe":5,"minecraft:stone_sword":2,"minecraft:iron_shovel":2,"minecraft:gold_ingot":10,"minecraft:white_bed":1,"minecraft:torch":416,"minecraft:diamond_chestplate":1},"minecraft:picked_up":{"minecraft:charcoal":112,"minecraft:fishing_rod":1,"minecraft:crafting_table":12,"minecraft:iron_chestplate":1,"minecraft:birch_door":1,"minecraft:chicken":2,"minecraft:clay_ball":8,"minecraft:lead":2,"minecraft:wooden_pickaxe":1,"minecraft:gold_block":1,"minecraft:enchanted_book":2,"minecraft:brewing_stand":1,"minecraft:golden_sword":2,"minecraft:string":12,"minecraft:raw_copper":158,"minecraft:cooked_salmon":4,"minecraft:iron_leggings":1,"minecraft:pufferfish":4,"minecraft:gold_nugget":14,"minecraft:cobbled_deepslate":271,"minecraft:bucket":1,"minecraft:beef":60,"minecraft:oak_boat":5,"minecraft:iron_pickaxe":1,"minecraft:sugar_cane":78,"minecraft:chest":4,"minecraft:birch_sapling":12,"minecraft:furnace":9,"minecraft:egg":21,"minecraft:raw_iron":241,"minecraft:stick":13,"minecraft:sandstone":1,"minecraft:big_dripleaf":1,"minecraft:oak_fence":6,"minecraft:torch":25,"minecraft:porkchop":23,"minecraft:waxed_copper_grate":44,"minecraft:pointed_dripstone":2,"minecraft:diorite":6,"minecraft:carrot":1,"minecraft:redstone":134,"minecraft:arrow":19,"minecraft:rotten_flesh":60,"minecraft:tropical_fish":18,"minecraft:hay_block":17,"minecraft:saddle":2,"minecraft:gold_ingot":8,"minecraft:tuff_bricks":22,"minecraft:mutton":11,"minecraft:obsidian":16,"minecraft:rail":1,"minecraft:cod":1,"minecraft:white_wool":7,"minecraft:birch_log":53,"minecraft:cobblestone":337,"minecraft:stripped_oak_log":4,"minecraft:nautilus_shell":4,"minecraft:magma_block":1,"minecraft:feather":6,"minecraft:andesite":38,"minecraft:salmon":1,"minecraft:leather":29,"minecraft:black_bed":1,"minecraft:potato":603,"minecraft:birch_planks":29,"minecraft:filled_map":1,"minecraft:mushroom_stew":5,"minecraft:flint":7,"minecraft:tuff":3,"minecraft:oak_log":70,"minecraft:waxed_copper_block":1,"minecraft:nether_wart_block":1,"minecraft:gunpowder":9,"minecraft:lapis_lazuli":661,"minecraft:dirt":257,"minecraft:bone":27,"minecraft:apple":1,"minecraft:kelp":2,"minecraft:wheat_seeds":1,"minecraft:raw_gold":23,"minecraft:iron_ingot":42,"minecraft:stone_pickaxe":1,"minecraft:oak_planks":26,"minecraft:iron_sword":1,"minecraft:soul_sand":27,"minecraft:birch_boat":2,"minecraft:pumpkin":23,"minecraft:quartz":114,"minecraft:poisonous_potato":6,"minecraft:oak_pressure_plate":1,"minecraft:dripstone_block":7,"minecraft:gravel":36,"minecraft:sand":36,"minecraft:white_bed":1,"minecraft:spider_eye":9,"minecraft:polished_tuff":3,"minecraft:iron_hoe":2,"minecraft:slime_ball":10,"minecraft:diamond":69,"minecraft:stone_axe":2,"minecraft:granite":2,"minecraft:breeze_rod":1,"minecraft:bone_meal":1,"minecraft:emerald":13,"minecraft:oak_sapling":6,"minecraft:netherrack":119,"minecraft:black_wool":1,"minecraft:coal":220,"minecraft:chiseled_tuff_bricks":4,"minecraft:crimson_roots":7},"minecraft:dropped":{"minecraft:enchanted_book":1,"minecraft:iron_ingot":26,"minecraft:bread":1,"minecraft:lapis_lazuli":128,"minecraft:oak_pressure_plate":1,"minecraft:diamond":7,"minecraft:poisonous_potato":3,"minecraft:cobblestone":82,"minecraft:saddle":1,"minecraft:tropical_fish":18,"minecraft:coal":6,"minecraft:mushroom_stew":3,"minecraft:emerald":13,"minecraft:stick":4,"minecraft:dirt":40,"minecraft:cooked_salmon":4,"minecraft:bone_meal":1,"minecraft:iron_shovel":1,"minecraft:redstone":64,"minecraft:bone":5,"minecraft:gold_ingot":7,"minecraft:stone_axe":1,"minecraft:kelp":1,"minecraft:cobbled_deepslate":42,"minecraft:raw_copper":20,"minecraft:birch_sapling":1,"minecraft:rotten_flesh":12,"minecraft:iron_hoe":1,"minecraft:filled_map":2,"minecraft:big_dripleaf":1,"minecraft:gunpowder":3,"minecraft:charcoal":56,"minecraft:spider_eye":5,"minecraft:nautilus_shell":2}},"DataVersion":3953}