{"stats":{"minecraft:killed_by":{"minecraft:zombie_villager":1,"minecraft:spider":1,"minecraft:skeleton":1},"minecraft:picked_up":{"minecraft:fishing_rod":2,"minecraft:seagrass":22,"minecraft:charcoal":3,"minecraft:crafting_table":3,"minecraft:brown_mushroom":41,"minecraft:string":16,"minecraft:raw_copper":44,"minecraft:armor_stand":1,"minecraft:pufferfish":5,"minecraft:cobbled_deepslate":273,"minecraft:beef":2,"minecraft:oak_boat":13,"minecraft:birch_sapling":26,"minecraft:iron_boots":1,"minecraft:egg":6,"minecraft:stick":24,"minecraft:raw_iron":89,"minecraft:torch":15,"minecraft:bowl":1,"minecraft:diorite":43,"minecraft:redstone":100,"minecraft:arrow":42,"minecraft:rotten_flesh":76,"minecraft:cooked_cod":1,"minecraft:cod":11,"minecraft:cobblestone":206,"minecraft:birch_log":79,"minecraft:magma_block":1,"minecraft:andesite":24,"minecraft:salmon":6,"minecraft:leather":3,"minecraft:potato":103,"minecraft:mushroom_stew":1,"minecraft:flint":6,"minecraft:tuff":14,"minecraft:oak_log":28,"minecraft:gunpowder":6,"minecraft:lapis_lazuli":107,"minecraft:dirt":75,"minecraft:bone":40,"minecraft:apple":2,"minecraft:kelp":9,"minecraft:bow":2,"minecraft:raw_gold":4,"minecraft:iron_ingot":3,"minecraft:oak_planks":2,"minecraft:birch_boat":1,"minecraft:sweet_berries":2,"minecraft:dandelion":1,"minecraft:poisonous_potato":1,"minecraft:gravel":34,"minecraft:sand":7,"minecraft:spruce_sapling":1,"minecraft:spider_eye":6,"minecraft:diamond":62,"minecraft:iron_helmet":1,"minecraft:granite":6,"minecraft:oak_sapling":3,"minecraft:black_wool":3,"minecraft:coal":25,"minecraft:ender_pearl":3},"minecraft:killed":{"minecraft:witch":2,"minecraft:spider":16,"minecraft:skeleton":39,"minecraft:drowned":1,"minecraft:zombie_villager":2,"minecraft:bat":1,"minecraft:creeper":4,"minecraft:zombie":75,"minecraft:enderman":3},"minecraft:crafted":{"minecraft:wooden_sword":1,"minecraft:oak_planks":20,"minecraft:fishing_rod":1,"minecraft:furnace":2,"minecraft:bone_meal":69,"minecraft:cooked_mutton":4,"minecraft:diamond_helmet":1,"minecraft:diamond_leggings":1,"minecraft:iron_boots":1,"minecraft:iron_hoe":1,"minecraft:stone_pickaxe":2,"minecraft:diamond_boots":1,"minecraft:golden_boots":1,"minecraft:cooked_cod":19,"minecraft:diamond_sword":1,"minecraft:crafting_table":3,"minecraft:wooden_pickaxe":1,"minecraft:iron_helmet":1,"minecraft:iron_sword":2,"minecraft:bowl":4,"minecraft:cooked_salmon":8,"minecraft:birch_planks":8,"minecraft:air":0,"minecraft:oak_boat":1,"minecraft:iron_chestplate":1,"minecraft:diamond_pickaxe":2,"minecraft:charcoal":100,"minecraft:shield":1,"minecraft:stick":16,"minecraft:iron_ingot":43,"minecraft:iron_pickaxe":1,"minecraft:stone_sword":1,"minecraft:iron_leggings":1,"minecraft:gold_ingot":4,"minecraft:black_bed":1,"minecraft:torch":28,"minecraft:shears":1,"minecraft:diamond_chestplate":1},"minecraft:mined":{"minecraft:tuff":12,"minecraft:deepslate_diamond_ore":63,"minecraft:granite":19,"minecraft:grass_block":63,"minecraft:spruce_leaves":7,"minecraft:large_fern":1,"minecraft:tall_seagrass":9,"minecraft:magma_block":2,"minecraft:redstone_ore":19,"minecraft:iron_ore":55,"minecraft:cobbled_deepslate":6,"minecraft:andesite":30,"minecraft:deepslate_lapis_ore":14,"minecraft:potatoes":29,"minecraft:deepslate_iron_ore":34,"minecraft:stone":210,"minecraft:brown_mushroom":41,"minecraft:crafting_table":2,"minecraft:torch":9,"minecraft:short_grass":1,"minecraft:copper_ore":8,"minecraft:cobblestone":2,"minecraft:lapis_ore":2,"minecraft:deepslate_gold_ore":3,"minecraft:oak_planks":2,"minecraft:diorite":43,"minecraft:wall_torch":6,"minecraft:deepslate_copper_ore":3,"minecraft:birch_sapling":2,"minecraft:seagrass":12,"minecraft:birch_log":80,"minecraft:birch_leaves":35,"minecraft:oak_log":23,"minecraft:coal_ore":25,"minecraft:gravel":38,"minecraft:sand":7,"minecraft:dirt":11,"minecraft:gold_ore":1,"minecraft:oak_leaves":3,"minecraft:deepslate":284},"minecraft:custom":{"minecraft:mob_kills":149,"minecraft:animals_bred":2,"minecraft:interact_with_crafting_table":43,"minecraft:leave_game":8,"minecraft:time_since_death":306694,"minecraft:sprint_one_cm":349048,"minecraft:walk_one_cm":1070254,"minecraft:damage_blocked_by_shield":3285,"minecraft:drop":25,"minecraft:talked_to_villager":9,"minecraft:play_time":330056,"minecraft:deaths":3,"minecraft:sneak_time":10294,"minecraft:walk_under_water_one_cm":69080,"minecraft:boat_one_cm":914956,"minecraft:jump":2978,"minecraft:interact_with_blast_furnace":1,"minecraft:walk_on_water_one_cm":70818,"minecraft:total_world_time":330056,"minecraft:interact_with_furnace":101,"minecraft:sleep_in_bed":7,"minecraft:time_since_rest":28639,"minecraft:damage_taken":3204,"minecraft:damage_dealt":27957,"minecraft:swim_one_cm":37744,"minecraft:fly_one_cm":186592,"minecraft:open_chest":73,"minecraft:crouch_one_cm":22336,"minecraft:fish_caught":1,"minecraft:fall_one_cm":28961},"minecraft:used":{"minecraft:stone_sword":1,"minecraft:armor_stand":1,"minecraft:shield":130,"minecraft:iron_sword":481,"minecraft:cooked_salmon":1,"minecraft:rotten_flesh":75,"minecraft:iron_chestplate":1,"minecraft:torch":37,"minecraft:dirt":76,"minecraft:diamond_helmet":1,"minecraft:granite":6,"minecraft:iron_hoe":62,"minecraft:birch_sapling":19,"minecraft:iron_helmet":1,"minecraft:iron_boots":1,"minecraft:magma_block":1,"minecraft:bow":23,"minecraft:oak_sapling":2,"minecraft:furnace":2,"minecraft:cooked_cod":11,"minecraft:egg":13,"minecraft:potato":61,"minecraft:cobbled_deepslate":95,"minecraft:iron_leggings":1,"minecraft:cooked_mutton":4,"minecraft:diorite":1,"minecraft:diamond_boots":1,"minecraft:stone_pickaxe":261,"minecraft:oak_planks":2,"minecraft:wooden_pickaxe":27,"minecraft:sand":3,"minecraft:crafting_table":5,"minecraft:mushroom_stew":5,"minecraft:black_bed":1,"minecraft:diamond_pickaxe":55,"minecraft:apple":1,"minecraft:bread":6,"minecraft:iron_pickaxe":498,"minecraft:gravel":4,"minecraft:diamond_sword":44,"minecraft:fishing_rod":2,"minecraft:wooden_sword":17,"minecraft:cobblestone":88,"minecraft:oak_boat":13,"minecraft:bone_meal":69},"minecraft:broken":{"minecraft:stone_pickaxe":2,"minecraft:iron_sword":1,"minecraft:iron_pickaxe":2,"minecraft:iron_helmet":1},"minecraft:dropped":{"minecraft:diamond":1,"minecraft:poisonous_potato":1,"minecraft:apple":1,"minecraft:leather":1,"minecraft:coal":3,"minecraft:mushroom_stew":3,"minecraft:cooked_cod":1,"minecraft:fishing_rod":2,"minecraft:spruce_sapling":1,"minecraft:kelp":5,"minecraft:bowl":2,"minecraft:tuff":11,"minecraft:raw_iron":38,"minecraft:iron_boots":2,"minecraft:charcoal":10}},"DataVersion":3953}