{"stats":{"minecraft:killed_by":{"minecraft:zombie_villager":1,"minecraft:spider":1,"minecraft:skeleton":1},"minecraft:picked_up":{"minecraft:fishing_rod":2,"minecraft:crafting_table":2,"minecraft:brown_mushroom":6,"minecraft:string":7,"minecraft:raw_copper":33,"minecraft:armor_stand":1,"minecraft:pufferfish":5,"minecraft:cobbled_deepslate":106,"minecraft:oak_boat":5,"minecraft:birch_sapling":26,"minecraft:egg":5,"minecraft:raw_iron":83,"minecraft:stick":20,"minecraft:torch":4,"minecraft:diorite":43,"minecraft:redstone":87,"minecraft:arrow":22,"minecraft:rotten_flesh":31,"minecraft:cooked_cod":1,"minecraft:cod":11,"minecraft:cobblestone":149,"minecraft:birch_log":78,"minecraft:salmon":6,"minecraft:andesite":13,"minecraft:leather":1,"minecraft:flint":5,"minecraft:tuff":3,"minecraft:oak_log":28,"minecraft:lapis_lazuli":53,"minecraft:dirt":75,"minecraft:bone":17,"minecraft:apple":2,"minecraft:bow":2,"minecraft:raw_gold":4,"minecraft:oak_planks":2,"minecraft:sweet_berries":2,"minecraft:gravel":34,"minecraft:sand":7,"minecraft:spruce_sapling":1,"minecraft:spider_eye":2,"minecraft:diamond":22,"minecraft:iron_helmet":1,"minecraft:granite":6,"minecraft:oak_sapling":3,"minecraft:black_wool":3,"minecraft:coal":25,"minecraft:ender_pearl":2},"minecraft:killed":{"minecraft:spider":6,"minecraft:skeleton":14,"minecraft:drowned":1,"minecraft:zombie_villager":2,"minecraft:zombie":32,"minecraft:enderman":2},"minecraft:crafted":{"minecraft:wooden_sword":1,"minecraft:oak_planks":20,"minecraft:fishing_rod":1,"minecraft:furnace":2,"minecraft:bone_meal":45,"minecraft:cooked_mutton":4,"minecraft:diamond_leggings":1,"minecraft:iron_boots":1,"minecraft:iron_hoe":1,"minecraft:stone_pickaxe":2,"minecraft:golden_boots":1,"minecraft:cooked_cod":19,"minecraft:crafting_table":3,"minecraft:wooden_pickaxe":1,"minecraft:iron_helmet":1,"minecraft:iron_sword":2,"minecraft:cooked_salmon":8,"minecraft:birch_planks":4,"minecraft:air":0,"minecraft:oak_boat":1,"minecraft:iron_chestplate":1,"minecraft:diamond_pickaxe":1,"minecraft:charcoal":100,"minecraft:shield":1,"minecraft:stick":16,"minecraft:iron_ingot":43,"minecraft:iron_pickaxe":1,"minecraft:stone_sword":1,"minecraft:iron_leggings":1,"minecraft:gold_ingot":4,"minecraft:black_bed":1,"minecraft:torch":28,"minecraft:shears":1,"minecraft:diamond_chestplate":1},"minecraft:mined":{"minecraft:tuff":4,"minecraft:deepslate_diamond_ore":22,"minecraft:granite":6,"minecraft:grass_block":63,"minecraft:spruce_leaves":7,"minecraft:large_fern":1,"minecraft:redstone_ore":19,"minecraft:iron_ore":49,"minecraft:cobbled_deepslate":4,"minecraft:andesite":14,"minecraft:deepslate_lapis_ore":6,"minecraft:deepslate_iron_ore":34,"minecraft:stone":143,"minecraft:brown_mushroom":6,"minecraft:crafting_table":1,"minecraft:short_grass":1,"minecraft:copper_ore":5,"minecraft:cobblestone":2,"minecraft:lapis_ore":2,"minecraft:deepslate_gold_ore":3,"minecraft:oak_planks":2,"minecraft:diorite":41,"minecraft:wall_torch":4,"minecraft:deepslate_copper_ore":3,"minecraft:birch_sapling":2,"minecraft:birch_log":78,"minecraft:birch_leaves":35,"minecraft:oak_log":23,"minecraft:coal_ore":25,"minecraft:gravel":26,"minecraft:sand":7,"minecraft:dirt":11,"minecraft:gold_ore":1,"minecraft:oak_leaves":3,"minecraft:deepslate":115},"minecraft:custom":{"minecraft:mob_kills":59,"minecraft:interact_with_crafting_table":34,"minecraft:leave_game":5,"minecraft:time_since_death":182040,"minecraft:sprint_one_cm":259175,"minecraft:walk_one_cm":619955,"minecraft:damage_blocked_by_shield":1161,"minecraft:drop":8,"minecraft:talked_to_villager":8,"minecraft:play_time":205402,"minecraft:deaths":3,"minecraft:sneak_time":7452,"minecraft:walk_under_water_one_cm":18955,"minecraft:boat_one_cm":302806,"minecraft:jump":1888,"minecraft:interact_with_blast_furnace":1,"minecraft:walk_on_water_one_cm":38959,"minecraft:total_world_time":205402,"minecraft:interact_with_furnace":97,"minecraft:sleep_in_bed":5,"minecraft:time_since_rest":29304,"minecraft:damage_taken":1984,"minecraft:damage_dealt":11555,"minecraft:fly_one_cm":107101,"minecraft:swim_one_cm":10050,"minecraft:open_chest":67,"minecraft:crouch_one_cm":16155,"minecraft:fish_caught":1,"minecraft:fall_one_cm":17288},"minecraft:used":{"minecraft:stone_sword":1,"minecraft:armor_stand":1,"minecraft:shield":46,"minecraft:iron_sword":216,"minecraft:cooked_salmon":1,"minecraft:rotten_flesh":30,"minecraft:iron_chestplate":1,"minecraft:torch":12,"minecraft:dirt":76,"minecraft:granite":6,"minecraft:iron_hoe":62,"minecraft:birch_sapling":19,"minecraft:iron_helmet":1,"minecraft:iron_boots":1,"minecraft:furnace":2,"minecraft:oak_sapling":2,"minecraft:cooked_cod":11,"minecraft:egg":13,"minecraft:potato":32,"minecraft:cobbled_deepslate":34,"minecraft:iron_leggings":1,"minecraft:cooked_mutton":4,"minecraft:diorite":1,"minecraft:stone_pickaxe":226,"minecraft:oak_planks":2,"minecraft:wooden_pickaxe":27,"minecraft:sand":3,"minecraft:crafting_table":4,"minecraft:black_bed":1,"minecraft:apple":1,"minecraft:iron_pickaxe":250,"minecraft:gravel":4,"minecraft:fishing_rod":2,"minecraft:wooden_sword":17,"minecraft:cobblestone":88,"minecraft:oak_boat":5,"minecraft:bone_meal":45},"minecraft:broken":{"minecraft:stone_pickaxe":1,"minecraft:iron_pickaxe":1},"minecraft:dropped":{"minecraft:diamond":1,"minecraft:leather":1,"minecraft:coal":3,"minecraft:cooked_cod":1,"minecraft:fishing_rod":1,"minecraft:spruce_sapling":1,"minecraft:raw_iron":38,"minecraft:charcoal":7}},"DataVersion":3953}