{"stats":{"minecraft:broken":{"minecraft:stone_pickaxe":2,"minecraft:iron_sword":1,"minecraft:iron_pickaxe":2,"minecraft:iron_helmet":1},"minecraft:killed_by":{"minecraft:zombie_villager":1,"minecraft:spider":1,"minecraft:skeleton":1},"minecraft:crafted":{"minecraft:wooden_sword":1,"minecraft:oak_planks":20,"minecraft:fishing_rod":1,"minecraft:furnace":2,"minecraft:bone_meal":78,"minecraft:cooked_mutton":4,"minecraft:diamond_helmet":1,"minecraft:diamond_leggings":1,"minecraft:iron_boots":1,"minecraft:iron_hoe":1,"minecraft:stone_pickaxe":2,"minecraft:diamond_boots":1,"minecraft:stone_hoe":1,"minecraft:golden_boots":1,"minecraft:cooked_cod":19,"minecraft:diamond_sword":1,"minecraft:crafting_table":3,"minecraft:iron_helmet":1,"minecraft:wooden_pickaxe":1,"minecraft:baked_potato":56,"minecraft:iron_sword":2,"minecraft:bowl":4,"minecraft:cooked_salmon":8,"minecraft:birch_planks":8,"minecraft:air":0,"minecraft:oak_boat":1,"minecraft:iron_chestplate":1,"minecraft:diamond_pickaxe":2,"minecraft:charcoal":100,"minecraft:shield":1,"minecraft:stick":16,"minecraft:iron_ingot":43,"minecraft:iron_pickaxe":1,"minecraft:stone_sword":1,"minecraft:iron_leggings":1,"minecraft:gold_ingot":4,"minecraft:black_bed":1,"minecraft:torch":28,"minecraft:shears":1,"minecraft:diamond_chestplate":1},"minecraft:used":{"minecraft:stone_sword":1,"minecraft:armor_stand":1,"minecraft:shield":140,"minecraft:iron_sword":481,"minecraft:cooked_salmon":1,"minecraft:stone_hoe":2,"minecraft:rotten_flesh":81,"minecraft:netherrack":323,"minecraft:iron_chestplate":1,"minecraft:torch":49,"minecraft:dirt":150,"minecraft:diamond_helmet":1,"minecraft:granite":6,"minecraft:iron_hoe":119,"minecraft:birch_sapling":19,"minecraft:iron_helmet":1,"minecraft:iron_boots":1,"minecraft:magma_block":1,"minecraft:bow":32,"minecraft:oak_sapling":2,"minecraft:furnace":2,"minecraft:cooked_cod":11,"minecraft:egg":25,"minecraft:potato":166,"minecraft:cobbled_deepslate":208,"minecraft:iron_leggings":1,"minecraft:wheat_seeds":13,"minecraft:cooked_mutton":4,"minecraft:diorite":1,"minecraft:diamond_boots":1,"minecraft:baked_potato":21,"minecraft:birch_planks":1,"minecraft:oak_planks":31,"minecraft:stone_pickaxe":261,"minecraft:wooden_pickaxe":27,"minecraft:sugar_cane":27,"minecraft:sand":52,"minecraft:crafting_table":5,"minecraft:mushroom_stew":14,"minecraft:black_bed":1,"minecraft:diamond_pickaxe":1137,"minecraft:apple":1,"minecraft:iron_pickaxe":498,"minecraft:bread":10,"minecraft:gravel":4,"minecraft:nether_wart_block":22,"minecraft:diamond_sword":119,"minecraft:fishing_rod":2,"minecraft:wooden_sword":17,"minecraft:cobblestone":101,"minecraft:oak_boat":32,"minecraft:bone_meal":76},"minecraft:picked_up":{"minecraft:fishing_rod":2,"minecraft:seagrass":97,"minecraft:charcoal":3,"minecraft:crafting_table":3,"minecraft:wheat":2,"minecraft:brown_mushroom":41,"minecraft:string":17,"minecraft:raw_copper":44,"minecraft:armor_stand":1,"minecraft:iron_shovel":1,"minecraft:pufferfish":5,"minecraft:cobbled_deepslate":336,"minecraft:beef":2,"minecraft:oak_boat":33,"minecraft:poppy":1,"minecraft:sugar_cane":34,"minecraft:birch_sapling":26,"minecraft:iron_boots":1,"minecraft:egg":18,"minecraft:stick":25,"minecraft:raw_iron":89,"minecraft:sandstone":2,"minecraft:torch":21,"minecraft:bowl":1,"minecraft:porkchop":2,"minecraft:diorite":43,"minecraft:redstone":100,"minecraft:arrow":54,"minecraft:rotten_flesh":90,"minecraft:cooked_cod":1,"minecraft:cod":11,"minecraft:cobblestone":219,"minecraft:birch_log":79,"minecraft:magma_block":1,"minecraft:crimson_stem":1,"minecraft:andesite":24,"minecraft:salmon":6,"minecraft:leather":5,"minecraft:potato":336,"minecraft:filled_map":1,"minecraft:mushroom_stew":1,"minecraft:flint":6,"minecraft:tuff":14,"minecraft:oak_log":28,"minecraft:nether_wart_block":39,"minecraft:gunpowder":7,"minecraft:lapis_lazuli":107,"minecraft:dirt":86,"minecraft:bone":47,"minecraft:apple":2,"minecraft:kelp":15,"minecraft:bow":3,"minecraft:wheat_seeds":8,"minecraft:raw_gold":4,"minecraft:turtle_scute":1,"minecraft:iron_ingot":3,"minecraft:oak_planks":2,"minecraft:birch_boat":1,"minecraft:sweet_berries":2,"minecraft:quartz":49,"minecraft:dandelion":1,"minecraft:poisonous_potato":1,"minecraft:gravel":34,"minecraft:sand":85,"minecraft:spruce_sapling":1,"minecraft:spider_eye":7,"minecraft:diamond":62,"minecraft:iron_helmet":1,"minecraft:granite":6,"minecraft:baked_potato":2,"minecraft:oak_sapling":4,"minecraft:netherrack":927,"minecraft:black_wool":3,"minecraft:coal":25,"minecraft:crimson_roots":10,"minecraft:ender_pearl":4},"minecraft:mined":{"minecraft:tuff":12,"minecraft:deepslate_diamond_ore":63,"minecraft:granite":19,"minecraft:grass_block":63,"minecraft:crimson_roots":3,"minecraft:spruce_leaves":7,"minecraft:sandstone":1,"minecraft:crimson_stem":2,"minecraft:large_fern":1,"minecraft:weeping_vines_plant":4,"minecraft:tall_seagrass":29,"minecraft:magma_block":2,"minecraft:redstone_ore":19,"minecraft:iron_ore":55,"minecraft:cobbled_deepslate":66,"minecraft:fire":5,"minecraft:andesite":30,"minecraft:deepslate_lapis_ore":14,"minecraft:potatoes":91,"minecraft:deepslate_iron_ore":34,"minecraft:stone":220,"minecraft:brown_mushroom":41,"minecraft:kelp_plant":1,"minecraft:crimson_nylium":44,"minecraft:dandelion":1,"minecraft:crafting_table":2,"minecraft:torch":14,"minecraft:short_grass":17,"minecraft:poppy":1,"minecraft:nether_quartz_ore":51,"minecraft:copper_ore":8,"minecraft:tall_grass":3,"minecraft:cobblestone":2,"minecraft:deepslate_gold_ore":3,"minecraft:lapis_ore":2,"minecraft:oak_planks":2,"minecraft:sugar_cane":25,"minecraft:diorite":43,"minecraft:wall_torch":6,"minecraft:deepslate_copper_ore":3,"minecraft:birch_sapling":2,"minecraft:seagrass":47,"minecraft:nether_wart_block":53,"minecraft:birch_log":80,"minecraft:wheat":2,"minecraft:birch_leaves":35,"minecraft:oak_log":23,"minecraft:coal_ore":25,"minecraft:gravel":38,"minecraft:sand":32,"minecraft:dirt":22,"minecraft:netherrack":913,"minecraft:gold_ore":1,"minecraft:oak_leaves":3,"minecraft:deepslate":284},"minecraft:custom":{"minecraft:mob_kills":172,"minecraft:animals_bred":7,"minecraft:interact_with_crafting_table":46,"minecraft:leave_game":14,"minecraft:time_since_death":617300,"minecraft:climb_one_cm":336,"minecraft:sprint_one_cm":706126,"minecraft:walk_one_cm":1693172,"minecraft:damage_blocked_by_shield":3410,"minecraft:drop":54,"minecraft:talked_to_villager":10,"minecraft:play_time":640662,"minecraft:sneak_time":26959,"minecraft:deaths":3,"minecraft:walk_under_water_one_cm":109368,"minecraft:boat_one_cm":1426755,"minecraft:jump":5046,"minecraft:interact_with_blast_furnace":1,"minecraft:walk_on_water_one_cm":109032,"minecraft:total_world_time":640662,"minecraft:interact_with_furnace":107,"minecraft:sleep_in_bed":10,"minecraft:time_since_rest":82143,"minecraft:damage_taken":4267,"minecraft:damage_dealt":32936,"minecraft:swim_one_cm":92600,"minecraft:fly_one_cm":500249,"minecraft:open_chest":134,"minecraft:crouch_one_cm":65549,"minecraft:fish_caught":1,"minecraft:fall_one_cm":65916},"minecraft:dropped":{"minecraft:baked_potato":18,"minecraft:diamond":1,"minecraft:poisonous_potato":1,"minecraft:leather":5,"minecraft:apple":1,"minecraft:coal":3,"minecraft:mushroom_stew":3,"minecraft:pufferfish":1,"minecraft:crimson_roots":5,"minecraft:cooked_cod":1,"minecraft:fishing_rod":2,"minecraft:spruce_sapling":1,"minecraft:dandelion":1,"minecraft:kelp":15,"minecraft:stone_sword":1,"minecraft:bowl":2,"minecraft:tuff":11,"minecraft:raw_iron":38,"minecraft:iron_boots":2,"minecraft:filled_map":1,"minecraft:poppy":1,"minecraft:charcoal":10,"minecraft:oak_sapling":1,"minecraft:bow":1,"minecraft:egg":1},"minecraft:killed":{"minecraft:zombified_piglin":1,"minecraft:witch":2,"minecraft:spider":18,"minecraft:skeleton":44,"minecraft:drowned":1,"minecraft:zombie_villager":2,"minecraft:bat":1,"minecraft:hoglin":2,"minecraft:creeper":5,"minecraft:zombie":85,"minecraft:enderman":5}},"DataVersion":3953}