{"stats":{"minecraft:mined":{"minecraft:oak_sapling":1,"minecraft:granite":3,"minecraft:grass_block":3716,"minecraft:kelp":93,"minecraft:sandstone":48,"minecraft:chiseled_stone_bricks":2,"minecraft:tall_seagrass":12,"minecraft:spruce_sapling":1,"minecraft:iron_ore":7,"minecraft:andesite":23,"minecraft:oak_sign":1,"minecraft:dirt_path":2,"minecraft:oak_stairs":10,"minecraft:stone":2088,"minecraft:kelp_plant":48,"minecraft:lily_of_the_valley":1,"minecraft:dandelion":7,"minecraft:polished_granite":1,"minecraft:oak_fence":1,"minecraft:clay":6,"minecraft:crafting_table":3,"minecraft:torch":47,"minecraft:short_grass":22,"minecraft:poppy":7,"minecraft:copper_ore":66,"minecraft:cobblestone":60,"minecraft:oak_planks":22,"minecraft:sugar_cane":2,"minecraft:wall_torch":4,"minecraft:seagrass":27,"minecraft:birch_planks":21,"minecraft:birch_log":222,"minecraft:birch_leaves":93,"minecraft:oak_log":319,"minecraft:coal_ore":68,"minecraft:gravel":57,"minecraft:sand":1108,"minecraft:dirt":1826,"minecraft:mossy_stone_bricks":1,"minecraft:oak_leaves":216},"minecraft:broken":{"minecraft:wooden_pickaxe":1,"minecraft:stone_pickaxe":6,"minecraft:diamond_shovel":3,"minecraft:iron_pickaxe":1,"minecraft:fishing_rod":1},"minecraft:custom":{"minecraft:mob_kills":36,"minecraft:interact_with_crafting_table":45,"minecraft:leave_game":16,"minecraft:time_since_death":714361,"minecraft:sprint_one_cm":1601576,"minecraft:walk_one_cm":2835635,"minecraft:damage_blocked_by_shield":430,"minecraft:drop":60,"minecraft:talked_to_villager":3,"minecraft:play_time":793965,"minecraft:deaths":4,"minecraft:sneak_time":61664,"minecraft:walk_under_water_one_cm":63476,"minecraft:boat_one_cm":383302,"minecraft:jump":5985,"minecraft:walk_on_water_one_cm":127641,"minecraft:enchant_item":4,"minecraft:total_world_time":793965,"minecraft:interact_with_furnace":54,"minecraft:sleep_in_bed":16,"minecraft:time_since_rest":325601,"minecraft:damage_taken":3244,"minecraft:damage_dealt":7052,"minecraft:swim_one_cm":124518,"minecraft:fly_one_cm":629518,"minecraft:open_chest":347,"minecraft:crouch_one_cm":233068,"minecraft:fish_caught":37,"minecraft:fall_one_cm":62527},"minecraft:used":{"minecraft:oak_fence":61,"minecraft:stone_sword":66,"minecraft:poppy":9,"minecraft:diamond_hoe":546,"minecraft:chest":10,"minecraft:shield":22,"minecraft:cooked_salmon":2,"minecraft:rotten_flesh":11,"minecraft:iron_chestplate":1,"minecraft:torch":274,"minecraft:dirt":3908,"minecraft:lily_of_the_valley":1,"minecraft:oak_fence_gate":1,"minecraft:oak_stairs":54,"minecraft:birch_sapling":17,"minecraft:iron_boots":1,"minecraft:bow":8,"minecraft:oak_sapling":48,"minecraft:furnace":3,"minecraft:cooked_cod":8,"minecraft:egg":2,"minecraft:cooked_mutton":2,"minecraft:water_bucket":43,"minecraft:birch_planks":296,"minecraft:stone_pickaxe":787,"minecraft:oak_planks":249,"minecraft:baked_potato":16,"minecraft:wooden_pickaxe":59,"minecraft:birch_boat":3,"minecraft:sugar_cane":1,"minecraft:diamond_axe":590,"minecraft:oak_leaves":34,"minecraft:sand":84,"minecraft:crafting_table":2,"minecraft:mushroom_stew":35,"minecraft:shears":74,"minecraft:oak_log":117,"minecraft:diamond_pickaxe":1280,"minecraft:apple":14,"minecraft:diamond_shovel":6889,"minecraft:iron_pickaxe":250,"minecraft:spruce_sapling":1,"minecraft:stone_axe":76,"minecraft:fishing_rod":71,"minecraft:diamond_sword":79,"minecraft:cobblestone":499,"minecraft:poisonous_potato":1,"minecraft:bucket":43,"minecraft:birch_log":4,"minecraft:dandelion":11},"minecraft:dropped":{"minecraft:birch_planks":10,"minecraft:wheat_seeds":4,"minecraft:oak_log":5,"minecraft:cobblestone":64,"minecraft:leather":1,"minecraft:apple":2,"minecraft:granite":3,"minecraft:cod":11,"minecraft:pufferfish":5,"minecraft:string":5,"minecraft:fishing_rod":1,"minecraft:birch_log":8,"minecraft:spruce_sapling":1,"minecraft:bone":7,"minecraft:gravel":48,"minecraft:kelp":40,"minecraft:sugar_cane":6,"minecraft:bowl":1,"minecraft:rotten_flesh":3,"minecraft:oak_sign":1,"minecraft:salmon":7,"minecraft:chiseled_stone_bricks":1,"minecraft:andesite":23,"minecraft:leather_boots":1,"minecraft:birch_boat":1,"minecraft:arrow":2,"minecraft:polished_granite":1},"minecraft:picked_up":{"minecraft:fishing_rod":3,"minecraft:charcoal":7,"minecraft:crafting_table":3,"minecraft:clay_ball":20,"minecraft:oak_stairs":10,"minecraft:string":7,"minecraft:raw_copper":346,"minecraft:pufferfish":5,"minecraft:oak_sign":1,"minecraft:poppy":9,"minecraft:sugar_cane":13,"minecraft:birch_sapling":39,"minecraft:phantom_membrane":3,"minecraft:egg":75,"minecraft:stick":76,"minecraft:raw_iron":84,"minecraft:sandstone":48,"minecraft:oak_fence":1,"minecraft:torch":71,"minecraft:bowl":2,"minecraft:stone_sword":1,"minecraft:arrow":13,"minecraft:rotten_flesh":20,"minecraft:saddle":1,"minecraft:mutton":5,"minecraft:cod":24,"minecraft:white_wool":2,"minecraft:cobblestone":2859,"minecraft:nautilus_shell":2,"minecraft:birch_log":237,"minecraft:andesite":23,"minecraft:salmon":10,"minecraft:leather":1,"minecraft:potato":3,"minecraft:birch_planks":59,"minecraft:mushroom_stew":2,"minecraft:flint":5,"minecraft:oak_log":326,"minecraft:gunpowder":2,"minecraft:dirt":5357,"minecraft:polished_granite":1,"minecraft:leather_boots":1,"minecraft:bone":17,"minecraft:apple":16,"minecraft:kelp":140,"minecraft:bow":3,"minecraft:wheat_seeds":9,"minecraft:stone_pickaxe":1,"minecraft:iron_ingot":1,"minecraft:oak_planks":22,"minecraft:birch_boat":3,"minecraft:chiseled_stone_bricks":1,"minecraft:dandelion":12,"minecraft:poisonous_potato":1,"minecraft:gravel":48,"minecraft:sand":1094,"minecraft:spruce_sapling":2,"minecraft:lily_of_the_valley":1,"minecraft:spider_eye":1,"minecraft:diamond":11,"minecraft:granite":3,"minecraft:gray_wool":2,"minecraft:oak_sapling":86,"minecraft:baked_potato":16,"minecraft:coal":68,"minecraft:oak_leaves":73},"minecraft:crafted":{"minecraft:oak_planks":528,"minecraft:diamond_hoe":1,"minecraft:birch_boat":1,"minecraft:furnace":3,"minecraft:diamond_shovel":4,"minecraft:cooked_mutton":3,"minecraft:iron_boots":1,"minecraft:stone_pickaxe":6,"minecraft:chest":10,"minecraft:oak_fence":69,"minecraft:cooked_cod":4,"minecraft:diamond_sword":1,"minecraft:diamond_axe":1,"minecraft:crafting_table":1,"minecraft:wooden_pickaxe":1,"minecraft:cooked_salmon":2,"minecraft:birch_planks":372,"minecraft:stone_axe":1,"minecraft:oak_fence_gate":1,"minecraft:iron_chestplate":1,"minecraft:diamond_pickaxe":1,"minecraft:charcoal":55,"minecraft:yellow_dye":1,"minecraft:shield":1,"minecraft:stick":92,"minecraft:iron_ingot":13,"minecraft:iron_pickaxe":1,"minecraft:oak_stairs":48,"minecraft:stone_sword":1,"minecraft:torch":218},"minecraft:killed_by":{"minecraft:zombie":3},"minecraft:killed":{"minecraft:spider":8,"minecraft:phantom":6,"minecraft:skeleton":5,"minecraft:creeper":1,"minecraft:sheep":4,"minecraft:zombie":10}},"DataVersion":3953}