{"stats":{"minecraft:killed_by":{"minecraft:zombie":3},"minecraft:picked_up":{"minecraft:fishing_rod":3,"minecraft:birch_log":31,"minecraft:charcoal":7,"minecraft:crafting_table":1,"minecraft:salmon":10,"minecraft:leather":1,"minecraft:birch_planks":40,"minecraft:mushroom_stew":2,"minecraft:flint":3,"minecraft:oak_log":16,"minecraft:dirt":2504,"minecraft:string":5,"minecraft:raw_copper":228,"minecraft:leather_boots":1,"minecraft:pufferfish":5,"minecraft:bone":13,"minecraft:apple":3,"minecraft:kelp":7,"minecraft:bow":3,"minecraft:wheat_seeds":1,"minecraft:iron_ingot":1,"minecraft:stone_pickaxe":1,"minecraft:poppy":9,"minecraft:sugar_cane":13,"minecraft:birch_sapling":14,"minecraft:egg":38,"minecraft:stick":18,"minecraft:raw_iron":79,"minecraft:birch_boat":3,"minecraft:torch":10,"minecraft:bowl":2,"minecraft:dandelion":12,"minecraft:poisonous_potato":1,"minecraft:gravel":28,"minecraft:sand":183,"minecraft:spruce_sapling":2,"minecraft:stone_sword":1,"minecraft:arrow":9,"minecraft:rotten_flesh":10,"minecraft:diamond":8,"minecraft:saddle":1,"minecraft:oak_sapling":4,"minecraft:cod":24,"minecraft:cobblestone":1679,"minecraft:nautilus_shell":2},"minecraft:killed":{"minecraft:spider":5,"minecraft:skeleton":3,"minecraft:zombie":4},"minecraft:crafted":{"minecraft:cooked_cod":4,"minecraft:birch_boat":1,"minecraft:wooden_pickaxe":1,"minecraft:furnace":1,"minecraft:cooked_salmon":2,"minecraft:birch_planks":48,"minecraft:diamond_shovel":2,"minecraft:yellow_dye":1,"minecraft:iron_boots":1,"minecraft:iron_chestplate":1,"minecraft:shield":1,"minecraft:stick":40,"minecraft:iron_ingot":13,"minecraft:iron_pickaxe":1,"minecraft:stone_pickaxe":6,"minecraft:stone_sword":1,"minecraft:torch":60},"minecraft:mined":{"minecraft:kelp_plant":10,"minecraft:dandelion":7,"minecraft:crafting_table":1,"minecraft:torch":5,"minecraft:short_grass":9,"minecraft:grass_block":1612,"minecraft:poppy":7,"minecraft:copper_ore":31,"minecraft:cobblestone":56,"minecraft:sugar_cane":2,"minecraft:kelp":4,"minecraft:wall_torch":2,"minecraft:seagrass":10,"minecraft:tall_seagrass":4,"minecraft:birch_planks":2,"minecraft:spruce_sapling":1,"minecraft:birch_log":15,"minecraft:iron_ore":2,"minecraft:dirt_path":1,"minecraft:oak_log":6,"minecraft:gravel":33,"minecraft:sand":164,"minecraft:dirt":994,"minecraft:stone":883,"minecraft:oak_leaves":1},"minecraft:custom":{"minecraft:interact_with_furnace":21,"minecraft:mob_kills":14,"minecraft:interact_with_crafting_table":18,"minecraft:leave_game":12,"minecraft:time_since_death":246329,"minecraft:sleep_in_bed":11,"minecraft:time_since_rest":40679,"minecraft:sprint_one_cm":503183,"minecraft:damage_taken":1859,"minecraft:walk_one_cm":1168785,"minecraft:damage_blocked_by_shield":145,"minecraft:drop":46,"minecraft:damage_dealt":3082,"minecraft:swim_one_cm":58082,"minecraft:talked_to_villager":3,"minecraft:fly_one_cm":289611,"minecraft:open_chest":25,"minecraft:crouch_one_cm":76491,"minecraft:play_time":325933,"minecraft:deaths":4,"minecraft:sneak_time":23052,"minecraft:walk_under_water_one_cm":24728,"minecraft:boat_one_cm":250307,"minecraft:jump":2970,"minecraft:walk_on_water_one_cm":43941,"minecraft:total_world_time":325933,"minecraft:fish_caught":37,"minecraft:fall_one_cm":36281},"minecraft:used":{"minecraft:stone_sword":66,"minecraft:stone_pickaxe":787,"minecraft:poppy":9,"minecraft:wooden_pickaxe":59,"minecraft:birch_boat":2,"minecraft:shield":8,"minecraft:cooked_salmon":2,"minecraft:sugar_cane":1,"minecraft:rotten_flesh":9,"minecraft:iron_chestplate":1,"minecraft:torch":59,"minecraft:dirt":1908,"minecraft:sand":61,"minecraft:mushroom_stew":10,"minecraft:oak_log":1,"minecraft:apple":1,"minecraft:diamond_shovel":2755,"minecraft:birch_sapling":6,"minecraft:iron_pickaxe":129,"minecraft:iron_boots":1,"minecraft:spruce_sapling":1,"minecraft:fishing_rod":71,"minecraft:cobblestone":479,"minecraft:bow":4,"minecraft:oak_sapling":2,"minecraft:furnace":1,"minecraft:cooked_cod":8,"minecraft:poisonous_potato":1,"minecraft:birch_log":4,"minecraft:dandelion":11},"minecraft:dropped":{"minecraft:gravel":28,"minecraft:kelp":7,"minecraft:sugar_cane":6,"minecraft:birch_planks":10,"minecraft:oak_log":5,"minecraft:bowl":1,"minecraft:cobblestone":64,"minecraft:apple":2,"minecraft:leather":1,"minecraft:salmon":7,"minecraft:cod":11,"minecraft:pufferfish":5,"minecraft:leather_boots":1,"minecraft:birch_boat":1,"minecraft:arrow":2,"minecraft:string":4,"minecraft:fishing_rod":1,"minecraft:birch_log":8,"minecraft:spruce_sapling":1,"minecraft:bone":5},"minecraft:broken":{"minecraft:stone_pickaxe":6,"minecraft:diamond_shovel":1,"minecraft:fishing_rod":1,"minecraft:wooden_pickaxe":1}},"DataVersion":3953}