{"stats":{"minecraft:dropped":{"minecraft:sugar_cane":6,"minecraft:oak_log":5,"minecraft:cobblestone":64,"minecraft:leather":1,"minecraft:salmon":7,"minecraft:cod":11,"minecraft:pufferfish":5,"minecraft:birch_boat":1,"minecraft:arrow":2,"minecraft:string":4,"minecraft:fishing_rod":1,"minecraft:bone":5},"minecraft:broken":{"minecraft:stone_pickaxe":6,"minecraft:fishing_rod":1,"minecraft:wooden_pickaxe":1},"minecraft:killed":{"minecraft:spider":3,"minecraft:skeleton":3,"minecraft:zombie":2},"minecraft:killed_by":{"minecraft:zombie":3},"minecraft:custom":{"minecraft:interact_with_furnace":19,"minecraft:mob_kills":10,"minecraft:interact_with_crafting_table":17,"minecraft:leave_game":8,"minecraft:time_since_death":123206,"minecraft:sleep_in_bed":6,"minecraft:time_since_rest":12300,"minecraft:sprint_one_cm":241744,"minecraft:damage_taken":1470,"minecraft:walk_one_cm":558902,"minecraft:damage_blocked_by_shield":95,"minecraft:drop":35,"minecraft:damage_dealt":1966,"minecraft:swim_one_cm":53859,"minecraft:fly_one_cm":176578,"minecraft:open_chest":12,"minecraft:crouch_one_cm":65538,"minecraft:play_time":202810,"minecraft:deaths":4,"minecraft:sneak_time":20053,"minecraft:walk_under_water_one_cm":17634,"minecraft:boat_one_cm":250307,"minecraft:jump":1830,"minecraft:walk_on_water_one_cm":31896,"minecraft:total_world_time":202810,"minecraft:fish_caught":37,"minecraft:fall_one_cm":29006},"minecraft:picked_up":{"minecraft:nautilus_shell":2,"minecraft:birch_log":19,"minecraft:fishing_rod":3,"minecraft:charcoal":7,"minecraft:salmon":10,"minecraft:leather":1,"minecraft:birch_planks":30,"minecraft:oak_log":16,"minecraft:dirt":397,"minecraft:string":4,"minecraft:raw_copper":228,"minecraft:leather_boots":1,"minecraft:pufferfish":5,"minecraft:bone":13,"minecraft:kelp":6,"minecraft:bow":3,"minecraft:iron_ingot":1,"minecraft:stone_pickaxe":1,"minecraft:sugar_cane":13,"minecraft:birch_sapling":11,"minecraft:egg":17,"minecraft:stick":18,"minecraft:raw_iron":79,"minecraft:birch_boat":3,"minecraft:torch":7,"minecraft:sand":170,"minecraft:spruce_sapling":2,"minecraft:stone_sword":1,"minecraft:arrow":9,"minecraft:rotten_flesh":8,"minecraft:diamond":8,"minecraft:saddle":1,"minecraft:oak_sapling":2,"minecraft:cod":24,"minecraft:cobblestone":1626},"minecraft:used":{"minecraft:stone_sword":40,"minecraft:stone_pickaxe":787,"minecraft:wooden_pickaxe":59,"minecraft:birch_boat":2,"minecraft:shield":3,"minecraft:cooked_salmon":2,"minecraft:sugar_cane":1,"minecraft:rotten_flesh":5,"minecraft:iron_chestplate":1,"minecraft:torch":32,"minecraft:dirt":93,"minecraft:sand":61,"minecraft:oak_log":1,"minecraft:diamond_shovel":506,"minecraft:birch_sapling":3,"minecraft:iron_pickaxe":74,"minecraft:iron_boots":1,"minecraft:spruce_sapling":1,"minecraft:fishing_rod":71,"minecraft:bow":4,"minecraft:cobblestone":479,"minecraft:furnace":1,"minecraft:oak_sapling":2,"minecraft:cooked_cod":6},"minecraft:crafted":{"minecraft:cooked_cod":4,"minecraft:wooden_pickaxe":1,"minecraft:birch_boat":1,"minecraft:furnace":1,"minecraft:cooked_salmon":2,"minecraft:diamond_shovel":1,"minecraft:birch_planks":48,"minecraft:iron_boots":1,"minecraft:iron_chestplate":1,"minecraft:shield":1,"minecraft:stick":32,"minecraft:iron_ingot":13,"minecraft:iron_pickaxe":1,"minecraft:stone_pickaxe":6,"minecraft:stone_sword":1,"minecraft:torch":28},"minecraft:mined":{"minecraft:kelp_plant":10,"minecraft:torch":3,"minecraft:short_grass":2,"minecraft:grass_block":212,"minecraft:copper_ore":31,"minecraft:cobblestone":56,"minecraft:sugar_cane":2,"minecraft:kelp":3,"minecraft:wall_torch":2,"minecraft:seagrass":3,"minecraft:birch_planks":2,"minecraft:tall_seagrass":2,"minecraft:spruce_sapling":1,"minecraft:birch_log":12,"minecraft:iron_ore":2,"minecraft:oak_log":6,"minecraft:dirt":181,"minecraft:sand":151,"minecraft:stone":828,"minecraft:oak_leaves":1}},"DataVersion":3953}