{"stats":{"minecraft:mined":{"minecraft:oak_sapling":1,"minecraft:granite":3,"minecraft:grass_block":3716,"minecraft:kelp":93,"minecraft:sandstone":48,"minecraft:chiseled_stone_bricks":2,"minecraft:tall_seagrass":12,"minecraft:spruce_sapling":1,"minecraft:iron_ore":7,"minecraft:andesite":23,"minecraft:oak_sign":1,"minecraft:dirt_path":2,"minecraft:oak_stairs":10,"minecraft:stone":2088,"minecraft:kelp_plant":49,"minecraft:lily_of_the_valley":1,"minecraft:dandelion":7,"minecraft:polished_granite":1,"minecraft:oak_fence":1,"minecraft:clay":18,"minecraft:crafting_table":4,"minecraft:torch":48,"minecraft:short_grass":22,"minecraft:poppy":7,"minecraft:copper_ore":66,"minecraft:cobblestone":60,"minecraft:oak_planks":25,"minecraft:sugar_cane":2,"minecraft:wall_torch":6,"minecraft:seagrass":27,"minecraft:birch_planks":28,"minecraft:birch_log":222,"minecraft:birch_leaves":93,"minecraft:oak_log":319,"minecraft:coal_ore":68,"minecraft:gravel":59,"minecraft:sand":1109,"minecraft:dirt":1887,"minecraft:mossy_stone_bricks":1,"minecraft:oak_leaves":221},"minecraft:broken":{"minecraft:wooden_pickaxe":1,"minecraft:stone_pickaxe":6,"minecraft:diamond_shovel":3,"minecraft:iron_pickaxe":1,"minecraft:fishing_rod":1},"minecraft:custom":{"minecraft:mob_kills":39,"minecraft:interact_with_crafting_table":54,"minecraft:leave_game":16,"minecraft:time_since_death":762361,"minecraft:sprint_one_cm":1712047,"minecraft:walk_one_cm":2946361,"minecraft:damage_blocked_by_shield":430,"minecraft:drop":60,"minecraft:talked_to_villager":3,"minecraft:play_time":841965,"minecraft:deaths":4,"minecraft:sneak_time":62408,"minecraft:walk_under_water_one_cm":80556,"minecraft:boat_one_cm":383302,"minecraft:jump":6268,"minecraft:walk_on_water_one_cm":132225,"minecraft:enchant_item":4,"minecraft:total_world_time":841965,"minecraft:interact_with_furnace":71,"minecraft:sleep_in_bed":16,"minecraft:time_since_rest":373601,"minecraft:damage_taken":3508,"minecraft:damage_dealt":7651,"minecraft:swim_one_cm":144039,"minecraft:fly_one_cm":674824,"minecraft:open_chest":369,"minecraft:crouch_one_cm":236157,"minecraft:fish_caught":37,"minecraft:fall_one_cm":67323},"minecraft:used":{"minecraft:oak_fence":65,"minecraft:stone_sword":66,"minecraft:poppy":9,"minecraft:diamond_hoe":546,"minecraft:chest":10,"minecraft:shield":22,"minecraft:cooked_salmon":2,"minecraft:rotten_flesh":11,"minecraft:iron_chestplate":1,"minecraft:oak_door":2,"minecraft:torch":282,"minecraft:dirt":3968,"minecraft:lily_of_the_valley":1,"minecraft:oak_fence_gate":1,"minecraft:oak_stairs":54,"minecraft:birch_sapling":17,"minecraft:iron_boots":1,"minecraft:bow":8,"minecraft:oak_sapling":48,"minecraft:furnace":3,"minecraft:cooked_cod":8,"minecraft:egg":2,"minecraft:cooked_mutton":2,"minecraft:water_bucket":43,"minecraft:birch_planks":376,"minecraft:stone_pickaxe":787,"minecraft:oak_planks":274,"minecraft:baked_potato":16,"minecraft:wooden_pickaxe":59,"minecraft:birch_boat":3,"minecraft:sugar_cane":1,"minecraft:diamond_axe":601,"minecraft:oak_leaves":58,"minecraft:sand":84,"minecraft:oak_slab":32,"minecraft:crafting_table":3,"minecraft:mushroom_stew":41,"minecraft:shears":74,"minecraft:oak_log":120,"minecraft:diamond_pickaxe":1280,"minecraft:apple":14,"minecraft:diamond_shovel":6963,"minecraft:birch_slab":6,"minecraft:iron_pickaxe":250,"minecraft:spruce_sapling":1,"minecraft:stone_axe":76,"minecraft:fishing_rod":71,"minecraft:diamond_sword":91,"minecraft:cobblestone":499,"minecraft:poisonous_potato":1,"minecraft:bucket":43,"minecraft:birch_log":4,"minecraft:glass_pane":62,"minecraft:dandelion":11},"minecraft:dropped":{"minecraft:birch_planks":10,"minecraft:wheat_seeds":4,"minecraft:oak_log":5,"minecraft:cobblestone":64,"minecraft:leather":1,"minecraft:apple":2,"minecraft:granite":3,"minecraft:cod":11,"minecraft:pufferfish":5,"minecraft:string":5,"minecraft:fishing_rod":1,"minecraft:birch_log":8,"minecraft:spruce_sapling":1,"minecraft:bone":7,"minecraft:gravel":48,"minecraft:kelp":40,"minecraft:sugar_cane":6,"minecraft:bowl":1,"minecraft:rotten_flesh":3,"minecraft:oak_sign":1,"minecraft:salmon":7,"minecraft:chiseled_stone_bricks":1,"minecraft:andesite":23,"minecraft:leather_boots":1,"minecraft:birch_boat":1,"minecraft:arrow":2,"minecraft:polished_granite":1},"minecraft:picked_up":{"minecraft:fishing_rod":3,"minecraft:charcoal":7,"minecraft:crafting_table":4,"minecraft:clay_ball":60,"minecraft:oak_stairs":10,"minecraft:string":7,"minecraft:raw_copper":346,"minecraft:pufferfish":5,"minecraft:oak_sign":1,"minecraft:poppy":9,"minecraft:sugar_cane":13,"minecraft:birch_sapling":39,"minecraft:phantom_membrane":3,"minecraft:egg":77,"minecraft:stick":76,"minecraft:raw_iron":84,"minecraft:sandstone":48,"minecraft:oak_fence":1,"minecraft:torch":74,"minecraft:bowl":2,"minecraft:stone_sword":1,"minecraft:arrow":13,"minecraft:rotten_flesh":21,"minecraft:saddle":1,"minecraft:mutton":5,"minecraft:cod":24,"minecraft:white_wool":2,"minecraft:cobblestone":2859,"minecraft:nautilus_shell":2,"minecraft:birch_log":237,"minecraft:andesite":23,"minecraft:salmon":10,"minecraft:leather":1,"minecraft:potato":3,"minecraft:birch_planks":66,"minecraft:mushroom_stew":2,"minecraft:flint":5,"minecraft:oak_log":326,"minecraft:gunpowder":2,"minecraft:dirt":5417,"minecraft:polished_granite":1,"minecraft:leather_boots":1,"minecraft:bone":17,"minecraft:apple":16,"minecraft:kelp":141,"minecraft:bow":3,"minecraft:wheat_seeds":9,"minecraft:stone_pickaxe":1,"minecraft:iron_ingot":1,"minecraft:oak_planks":25,"minecraft:birch_boat":3,"minecraft:chiseled_stone_bricks":1,"minecraft:dandelion":12,"minecraft:poisonous_potato":1,"minecraft:gravel":50,"minecraft:sand":1095,"minecraft:spruce_sapling":2,"minecraft:lily_of_the_valley":1,"minecraft:spider_eye":1,"minecraft:diamond":11,"minecraft:granite":3,"minecraft:gray_wool":2,"minecraft:oak_sapling":87,"minecraft:baked_potato":16,"minecraft:coal":68,"minecraft:oak_leaves":73},"minecraft:crafted":{"minecraft:oak_door":3,"minecraft:oak_planks":528,"minecraft:diamond_hoe":1,"minecraft:birch_boat":1,"minecraft:birch_slab":12,"minecraft:furnace":3,"minecraft:stone":182,"minecraft:diamond_shovel":4,"minecraft:glass_pane":64,"minecraft:cooked_mutton":3,"minecraft:glass":26,"minecraft:iron_boots":1,"minecraft:stone_pickaxe":6,"minecraft:chest":10,"minecraft:oak_fence":69,"minecraft:cooked_cod":4,"minecraft:oak_slab":36,"minecraft:diamond_sword":1,"minecraft:diamond_axe":1,"minecraft:crafting_table":2,"minecraft:wooden_pickaxe":1,"minecraft:cooked_salmon":2,"minecraft:birch_planks":468,"minecraft:stone_axe":1,"minecraft:oak_fence_gate":1,"minecraft:iron_chestplate":1,"minecraft:diamond_pickaxe":1,"minecraft:charcoal":55,"minecraft:yellow_dye":1,"minecraft:shield":1,"minecraft:stick":92,"minecraft:iron_ingot":13,"minecraft:iron_pickaxe":1,"minecraft:oak_stairs":48,"minecraft:stone_sword":1,"minecraft:torch":218},"minecraft:killed_by":{"minecraft:zombie":3},"minecraft:killed":{"minecraft:spider":8,"minecraft:phantom":8,"minecraft:skeleton":5,"minecraft:drowned":1,"minecraft:creeper":1,"minecraft:sheep":4,"minecraft:zombie":10}},"DataVersion":3953}