{"stats":{"minecraft:mined":{"minecraft:sand":1},"minecraft:custom":{"minecraft:jump":70,"minecraft:time_since_rest":3914,"minecraft:leave_game":1,"minecraft:walk_on_water_one_cm":433,"minecraft:sprint_one_cm":8400,"minecraft:play_time":3914,"minecraft:damage_taken":20,"minecraft:time_since_death":3914,"minecraft:walk_one_cm":14710,"minecraft:total_world_time":3914,"minecraft:fall_one_cm":2216,"minecraft:fly_one_cm":10279},"minecraft:used":{"minecraft:sand":1},"minecraft:picked_up":{"minecraft:sand":1}},"DataVersion":3953}